Country,Continent,ISO_Code,Level,GDLCODE,Region,"1990","1991","1992","1993","1994","1995","1996","1997","1998","1999","2000","2001","2002","2003","2004","2005","2006","2007","2008","2009","2010","2011","2012","2013","2014","2015","2016","2017","2018","2019","2020","2021","2022"
"Afghanistan","Asia/Pacific","AFG","National","AFGt","Total",9.466,8.369,8.203,8.754,8.812,8.728,8.676,8.526,9.807,9.722,9.687,10.47,10.21,9.661,10.40,9.096,10.49,9.826,9.915,9.258,10.59,10.24,8.624,9.752,9.400,9.999,11.00,10.73,10.91,10.01,9.569,11.18,10.82
"Albania","Europe","ALB","National","ALBt","Total",12.91,11.64,12.28,12.38,13.45,12.09,12.20,12.39,12.69,13.04,12.86,12.81,12.89,12.96,12.49,11.84,12.10,13.17,13.03,13.09,13.01,12.90,13.31,13.43,13.40,13.49,13.43,13.36,13.97,13.79,13.60,13.39,13.75
"Algeria","Africa","DZA","National","DZAt","Total",18.30,17.00,17.02,17.71,18.56,18.15,17.64,18.45,18.13,18.80,18.43,18.99,18.63,18.69,18.18,18.20,18.80,18.28,18.33,18.51,18.91,18.47,18.68,18.23,19.05,18.69,19.17,19.00,18.36,18.70,19.31,19.77,19.83
"Andorra","Europe","AND","National","ANDt","Total",5.339,4.437,4.509,4.559,5.782,5.152,4.485,5.981,5.185,4.755,5.534,5.092,5.326,5.682,5.105,4.607,6.259,5.731,5.154,5.692,4.326,6.426,5.481,4.759,5.897,6.261,5.903,6.133,5.716,6.004,5.791,5.105,7.176
"Angola","Africa","AGO","National","AGOt","Total",22.45,22.27,22.03,22.27,22.24,22.53,22.39,22.41,23.07,22.27,22.21,22.23,22.39,22.57,22.23,22.56,22.13,22.42,22.35,22.70,22.77,22.30,22.59,22.71,22.77,22.97,23.19,22.99,23.06,23.47,23.07,23.09,22.69
"Antigua and Barbuda","America","ATG","National","ATGt","Total",25.92,25.81,25.92,25.94,25.76,26.24,25.85,26.19,26.57,26.08,25.88,26.15,26.24,26.31,26.12,26.56,26.33,26.32,25.90,26.11,26.77,26.23,26.27,26.14,26.09,26.30,26.42,26.30,26.03,26.32,26.48,26.29,26.19
"Argentina urban","America","ARG","National","ARGt","Total",15.30,15.12,14.62,15.05,15.72,15.36,15.34,15.76,15.32,15.09,14.71,15.44,15.25,15.71,15.56,15.31,15.93,14.88,15.77,15.93,15.29,15.52,16.03,15.81,15.85,15.94,15.36,15.99,15.78,15.83,16.09,15.97,15.60
"Armenia","Europe","ARM","National","ARMt","Total",6.870,6.755,4.679,5.260,6.460,6.805,7.152,6.412,7.846,7.814,7.193,7.895,6.980,6.629,6.852,7.093,7.486,6.798,7.249,7.034,9.215,6.535,7.607,7.307,8.049,8.001,7.138,7.332,8.975,8.043,7.855,8.436,8.193
"Australia","Asia/Pacific","AUS","National","AUSt","Total",19.24,19.16,18.61,18.99,18.84,18.66,18.87,19.01,19.38,18.97,18.70,18.81,19.27,19.21,19.10,19.60,19.09,19.46,19.00,19.60,18.95,18.64,18.82,19.78,19.66,19.41,19.61,19.51,19.64,19.87,19.43,18.99,19.01
"Austria","Europe","AUT","National","AUTt","Total",6.480,5.453,6.808,6.214,7.748,6.408,5.355,6.534,6.607,6.596,7.414,6.611,7.565,7.108,6.595,6.283,6.960,7.690,7.520,7.218,6.309,7.566,7.358,7.116,8.300,8.177,7.695,7.516,8.406,8.286,7.981,7.119,8.363
"Azerbaijan","Europe","AZE","National","AZEt","Total",11.42,11.29,9.862,9.724,10.60,11.81,11.44,11.13,12.08,11.96,11.67,12.09,11.49,10.95,11.70,12.01,11.96,11.69,11.66,11.81,13.30,11.03,12.29,11.98,12.39,12.28,11.72,12.01,12.83,12.46,12.18,12.73,12.56
"Bahamas","America","BHS","National","BHSt","Total",25.45,25.39,24.98,25.20,25.52,25.24,24.75,25.45,25.60,25.07,24.91,25.13,25.52,25.53,25.03,25.14,25.15,25.42,25.32,25.17,24.84,25.34,25.16,25.40,25.64,25.94,25.72,25.63,25.58,26.00,25.98,25.76,25.87
"Bahrain","Asia/Pacific","BHR","National","BHRt","Total",26.05,24.93,24.56,25.49,25.78,25.47,26.21,25.55,26.77,26.99,26.04,26.48,26.51,26.11,26.31,25.81,26.29,26.30,25.81,26.06,26.94,25.77,25.93,25.90,26.36,26.49,26.41,26.45,26.84,26.67,26.67,27.12,26.62
"Bangladesh","Asia/Pacific","BGD","National","BGDt","Total",24.96,25.02,25.06,24.85,25.20,25.36,25.33,24.76,25.33,25.54,25.00,25.20,25.21,25.20,25.31,25.63,25.81,25.27,25.44,25.96,26.02,25.26,25.33,25.30,25.45,25.46,25.93,25.58,25.35,25.77,25.40,25.85,25.80
"Barbados","America","BRB","National","BRBt","Total",26.18,26.01,26.19,26.24,25.99,26.49,26.28,26.40,26.85,26.35,26.12,26.21,26.38,26.43,26.45,26.86,26.57,26.54,26.24,26.49,27.02,26.57,26.51,26.48,26.27,26.43,26.74,26.59,26.27,26.54,26.69,26.53,26.35
"Belarus","Europe","BLR","National","BLRt","Total",7.721,6.775,7.039,5.985,6.732,7.026,5.626,6.350,6.511,7.756,7.915,7.129,7.713,6.644,6.772,6.821,6.878,7.847,8.066,7.147,7.003,7.543,6.859,7.578,7.810,8.636,7.761,7.666,7.938,8.870,9.100,7.297,7.839
"Belgium","Europe","BEL","National","BELt","Total",10.50,9.289,10.07,9.628,10.71,10.47,8.616,10.21,10.06,10.61,10.70,10.26,10.78,10.59,10.13,10.45,10.79,10.86,10.21,10.31,9.056,10.99,10.07,9.555,11.33,10.69,10.43,10.80,11.26,11.00,11.62,10.16,11.59
"Belize","America","BLZ","National","BLZt","Total",25.10,25.34,25.07,25.16,25.40,25.63,24.98,25.65,25.85,24.90,24.79,25.11,25.50,25.65,25.59,25.94,25.44,25.62,25.35,25.92,25.70,25.82,25.68,25.88,25.71,26.22,26.05,25.93,25.70,26.47,26.46,26.29,26.00
"Benin","Africa","BEN","National","BENt","Total",27.01,26.72,26.62,26.94,26.80,26.99,26.99,26.91,27.49,26.81,26.99,27.04,26.96,27.16,27.08,27.32,27.33,27.21,27.12,27.44,27.79,27.44,27.17,27.37,27.31,27.44,27.77,27.62,27.46,27.70,27.66,28.01,27.39
"Bhutan","Asia/Pacific","BTN","National","BTNt","Total",10.33,10.06,9.704,10.18,10.21,10.32,10.35,9.382,10.77,10.90,10.09,10.59,10.34,10.31,10.26,10.50,10.86,10.76,10.58,11.09,11.18,10.52,10.39,10.75,10.75,10.63,11.33,11.25,10.72,10.77,10.79,11.15,11.08
"Bolivia","America","BOL","National","BOLt","Total",17.39,17.61,17.15,17.36,17.95,17.86,17.35,17.89,17.99,17.31,17.43,17.68,18.17,17.96,17.81,17.92,18.11,17.99,17.73,18.11,18.47,18.19,18.21,18.00,18.28,18.60,18.46,18.45,18.01,18.48,18.73,18.16,18.08
"Bosnia and Herzegovina","Europe","BIH","National","BIHt","Total",10.04,8.657,9.810,9.263,10.51,9.343,8.700,9.424,9.739,10.04,11.07,10.07,10.80,10.28,9.950,9.139,10.04,10.95,10.99,10.72,10.11,10.57,10.82,10.80,11.39,10.94,10.72,10.59,11.13,11.35,11.09,10.72,11.61
"Botswana","Africa","BWA","National","BWAt","Total",21.72,20.93,22.34,21.79,21.20,22.21,21.00,21.11,21.88,21.72,20.43,21.14,22.00,22.44,21.34,22.48,20.69,21.55,21.28,20.98,21.71,20.99,21.80,22.03,21.21,22.93,22.75,21.42,22.23,22.98,21.58,21.11,21.34
"Brazil","America","BRA","National","BRAt","Total",24.26,24.08,24.00,24.38,24.32,24.30,24.11,24.33,24.89,24.12,23.98,24.40,24.67,24.55,24.35,24.63,24.44,24.57,24.26,24.49,24.75,24.27,24.71,24.59,24.67,25.15,25.04,24.85,24.65,25.08,24.61,24.48,24.21
"Brunei Darussalam","Asia/Pacific","BRN","National","BRNt","Total",26.11,25.99,25.92,25.87,26.10,26.12,25.95,26.18,26.69,26.05,26.18,26.24,26.38,26.26,26.13,26.26,26.16,26.16,26.01,26.49,26.48,26.27,26.38,26.46,26.24,26.54,26.96,26.62,26.71,26.93,26.81,26.55,26.41
"Bulgaria","Europe","BGR","National","BGRt","Total",11.37,9.985,10.80,10.59,12.06,10.69,10.25,10.17,11.05,11.71,11.87,11.58,11.57,10.85,11.19,10.70,11.06,12.29,11.91,11.82,11.75,10.93,12.00,12.12,11.88,12.07,12.05,11.65,12.05,12.66,12.36,11.67,12.25
"Burkina Faso","Africa","BFA","National","BFAt","Total",28.40,28.05,27.79,28.44,27.84,28.00,28.34,28.12,28.49,28.00,28.14,28.45,28.59,28.47,28.66,28.82,28.60,28.59,28.24,28.90,29.07,28.95,28.54,28.77,28.85,28.76,28.98,28.82,28.87,28.94,28.92,29.30,28.51
"Burundi","Africa","BDI","National","BDIt","Total",20.18,20.00,20.09,20.30,20.03,20.29,20.07,20.34,20.75,19.98,20.40,19.83,20.30,20.55,20.44,20.80,20.35,20.37,20.17,20.55,20.95,20.29,20.36,20.58,20.70,20.93,21.20,20.96,20.61,20.98,21.23,20.94,20.90
"Cambodia","Asia/Pacific","KHM","National","KHMt","Total",27.55,27.41,27.29,26.86,27.13,27.37,27.10,27.42,28.18,26.73,27.19,27.56,28.08,27.84,27.73,27.66,27.69,27.42,27.19,27.30,28.17,27.48,28.09,27.81,27.79,28.32,28.32,27.76,27.88,28.28,27.95,27.49,27.50
"Cameroon","Africa","CMR","National","CMRt","Total",24.11,23.93,23.66,24.00,23.99,24.07,23.99,24.06,24.74,23.85,23.81,23.93,24.12,24.34,24.32,24.55,24.48,24.29,24.22,24.64,24.92,24.37,24.32,24.47,24.44,24.60,24.84,24.78,24.66,24.81,24.95,24.91,24.57
"Canada","America","CAN","National","CANt","Total",-0.359,0.002,-0.648,-0.410,-0.217,-0.179,-0.796,-0.185,1.376,1.247,0.097,1.125,-0.248,0.259,-0.321,0.945,1.728,0.138,0.038,0.016,2.081,0.714,1.278,0.182,-0.085,0.566,1.257,0.773,-0.041,0.022,0.678,1.457,0.600
"Cape Verde","Africa","CPV","National","CPVt","Total",23.17,22.54,22.74,22.49,22.32,23.26,23.16,23.37,23.52,22.56,22.87,23.20,23.04,23.16,23.23,23.57,23.39,22.90,23.12,22.86,23.96,23.33,22.97,23.04,22.63,22.74,23.17,23.35,22.31,22.81,23.45,23.08,23.25
"Central African Republic CAR","Africa","CAF","National","CAFt","Total",25.90,25.47,24.97,25.21,25.31,25.44,25.35,25.41,26.02,25.15,25.18,25.28,25.54,25.80,25.83,26.02,25.74,25.65,25.46,25.90,25.97,25.47,25.51,25.82,25.88,26.05,26.28,26.24,26.00,26.36,26.45,26.58,26.23
"Chad","Africa","TCD","National","TCDt","Total",28.28,27.64,26.95,27.61,27.29,27.51,27.59,27.40,28.02,27.56,27.27,27.58,27.83,27.87,27.92,28.33,28.23,28.06,27.61,28.57,28.62,27.99,27.94,28.58,28.28,28.40,28.55,28.47,28.48,28.28,28.29,28.66,27.86
"Chili","America","CHL","National","CHLt","Total",9.395,9.326,9.092,9.495,9.859,9.587,9.480,9.909,10.06,9.628,9.191,9.535,9.272,9.873,9.827,9.486,9.948,8.968,9.767,9.654,9.240,9.456,9.815,9.763,9.611,10.09,10.35,9.816,9.798,10.20,10.16,9.977,9.418
"China","Asia/Pacific","CHN","National","CHNt","Total",12.28,,,,,,,,,,,,,,,,,,,,,,,,,,,,,,,,
"China","Asia/Pacific","TWN","National","TWNt","Total",20.09,,,,,,,,,,,,,,,,,,,,,,,,,,,,,,,,
"China","Asia/Pacific","CHN","National","CHNt","Total",,11.97,,,,,,,,,,,,,,,,,,,,,,,,,,,,,,,
"China","Asia/Pacific","TWN","National","TWNt","Total",,20.11,,,,,,,,,,,,,,,,,,,,,,,,,,,,,,,
"China","Asia/Pacific","CHN","National","CHNt","Total",,,11.78,,,,,,,,,,,,,,,,,,,,,,,,,,,,,,
"China","Asia/Pacific","TWN","National","TWNt","Total",,,19.58,,,,,,,,,,,,,,,,,,,,,,,,,,,,,,
"China","Asia/Pacific","CHN","National","CHNt","Total",,,,11.77,,,,,,,,,,,,,,,,,,,,,,,,,,,,,
"China","Asia/Pacific","TWN","National","TWNt","Total",,,,19.97,,,,,,,,,,,,,,,,,,,,,,,,,,,,,
"China","Asia/Pacific","CHN","National","CHNt","Total",,,,,12.54,,,,,,,,,,,,,,,,,,,,,,,,,,,,
"China","Asia/Pacific","TWN","National","TWNt","Total",,,,,20.32,,,,,,,,,,,,,,,,,,,,,,,,,,,,
"China","Asia/Pacific","CHN","National","CHNt","Total",,,,,,12.13,,,,,,,,,,,,,,,,,,,,,,,,,,,
"China","Asia/Pacific","TWN","National","TWNt","Total",,,,,,19.56,,,,,,,,,,,,,,,,,,,,,,,,,,,
"China","Asia/Pacific","CHN","National","CHNt","Total",,,,,,,11.83,,,,,,,,,,,,,,,,,,,,,,,,,,
"China","Asia/Pacific","TWN","National","TWNt","Total",,,,,,,19.71,,,,,,,,,,,,,,,,,,,,,,,,,,
"China","Asia/Pacific","CHN","National","CHNt","Total",,,,,,,,12.32,,,,,,,,,,,,,,,,,,,,,,,,,
"China","Asia/Pacific","TWN","National","TWNt","Total",,,,,,,,19.83,,,,,,,,,,,,,,,,,,,,,,,,,
"China","Asia/Pacific","CHN","National","CHNt","Total",,,,,,,,,13.04,,,,,,,,,,,,,,,,,,,,,,,,
"China","Asia/Pacific","TWN","National","TWNt","Total",,,,,,,,,20.82,,,,,,,,,,,,,,,,,,,,,,,,
"China","Asia/Pacific","CHN","National","CHNt","Total",,,,,,,,,,12.70,,,,,,,,,,,,,,,,,,,,,,,
"China","Asia/Pacific","TWN","National","TWNt","Total",,,,,,,,,,20.05,,,,,,,,,,,,,,,,,,,,,,,
"China","Asia/Pacific","CHN","National","CHNt","Total",,,,,,,,,,,12.24,,,,,,,,,,,,,,,,,,,,,,
"China","Asia/Pacific","TWN","National","TWNt","Total",,,,,,,,,,,20.21,,,,,,,,,,,,,,,,,,,,,,
"China","Asia/Pacific","CHN","National","CHNt","Total",,,,,,,,,,,,12.51,,,,,,,,,,,,,,,,,,,,,
"China","Asia/Pacific","TWN","National","TWNt","Total",,,,,,,,,,,,20.22,,,,,,,,,,,,,,,,,,,,,
"China","Asia/Pacific","CHN","National","CHNt","Total",,,,,,,,,,,,,12.75,,,,,,,,,,,,,,,,,,,,
"China","Asia/Pacific","TWN","National","TWNt","Total",,,,,,,,,,,,,20.44,,,,,,,,,,,,,,,,,,,,
"China","Asia/Pacific","CHN","National","CHNt","Total",,,,,,,,,,,,,,12.51,,,,,,,,,,,,,,,,,,,
"China","Asia/Pacific","TWN","National","TWNt","Total",,,,,,,,,,,,,,20.25,,,,,,,,,,,,,,,,,,,
"China","Asia/Pacific","CHN","National","CHNt","Total",,,,,,,,,,,,,,,12.64,,,,,,,,,,,,,,,,,,
"China","Asia/Pacific","TWN","National","TWNt","Total",,,,,,,,,,,,,,,20.10,,,,,,,,,,,,,,,,,,
"China","Asia/Pacific","CHN","National","CHNt","Total",,,,,,,,,,,,,,,,12.32,,,,,,,,,,,,,,,,,
"China","Asia/Pacific","TWN","National","TWNt","Total",,,,,,,,,,,,,,,,20.22,,,,,,,,,,,,,,,,,
"China","Asia/Pacific","CHN","National","CHNt","Total",,,,,,,,,,,,,,,,,12.89,,,,,,,,,,,,,,,,
"China","Asia/Pacific","TWN","National","TWNt","Total",,,,,,,,,,,,,,,,,20.71,,,,,,,,,,,,,,,,
"China","Asia/Pacific","CHN","National","CHNt","Total",,,,,,,,,,,,,,,,,,13.02,,,,,,,,,,,,,,,
"China","Asia/Pacific","TWN","National","TWNt","Total",,,,,,,,,,,,,,,,,,20.61,,,,,,,,,,,,,,,
"China","Asia/Pacific","CHN","National","CHNt","Total",,,,,,,,,,,,,,,,,,,12.43,,,,,,,,,,,,,,
"China","Asia/Pacific","TWN","National","TWNt","Total",,,,,,,,,,,,,,,,,,,20.35,,,,,,,,,,,,,,
"China","Asia/Pacific","CHN","National","CHNt","Total",,,,,,,,,,,,,,,,,,,,12.66,,,,,,,,,,,,,
"China","Asia/Pacific","TWN","National","TWNt","Total",,,,,,,,,,,,,,,,,,,,20.52,,,,,,,,,,,,,
"China","Asia/Pacific","CHN","National","CHNt","Total",,,,,,,,,,,,,,,,,,,,,12.36,,,,,,,,,,,,
"China","Asia/Pacific","TWN","National","TWNt","Total",,,,,,,,,,,,,,,,,,,,,20.46,,,,,,,,,,,,
"China","Asia/Pacific","CHN","National","CHNt","Total",,,,,,,,,,,,,,,,,,,,,,12.12,,,,,,,,,,,
"China","Asia/Pacific","TWN","National","TWNt","Total",,,,,,,,,,,,,,,,,,,,,,19.99,,,,,,,,,,,
"China","Asia/Pacific","CHN","National","CHNt","Total",,,,,,,,,,,,,,,,,,,,,,,12.01,,,,,,,,,,
"China","Asia/Pacific","TWN","National","TWNt","Total",,,,,,,,,,,,,,,,,,,,,,,20.45,,,,,,,,,,
"China","Asia/Pacific","CHN","National","CHNt","Total",,,,,,,,,,,,,,,,,,,,,,,,12.68,,,,,,,,,
"China","Asia/Pacific","TWN","National","TWNt","Total",,,,,,,,,,,,,,,,,,,,,,,,20.47,,,,,,,,,
"China","Asia/Pacific","CHN","National","CHNt","Total",,,,,,,,,,,,,,,,,,,,,,,,,12.70,,,,,,,,
"China","Asia/Pacific","TWN","National","TWNt","Total",,,,,,,,,,,,,,,,,,,,,,,,,20.32,,,,,,,,
"China","Asia/Pacific","CHN","National","CHNt","Total",,,,,,,,,,,,,,,,,,,,,,,,,,12.89,,,,,,,
"China","Asia/Pacific","TWN","National","TWNt","Total",,,,,,,,,,,,,,,,,,,,,,,,,,20.56,,,,,,,
"China","Asia/Pacific","CHN","National","CHNt","Total",,,,,,,,,,,,,,,,,,,,,,,,,,,12.95,,,,,,
"China","Asia/Pacific","TWN","National","TWNt","Total",,,,,,,,,,,,,,,,,,,,,,,,,,,20.61,,,,,,
"China","Asia/Pacific","CHN","National","CHNt","Total",,,,,,,,,,,,,,,,,,,,,,,,,,,,13.05,,,,,
"China","Asia/Pacific","TWN","National","TWNt","Total",,,,,,,,,,,,,,,,,,,,,,,,,,,,20.62,,,,,
"China","Asia/Pacific","CHN","National","CHNt","Total",,,,,,,,,,,,,,,,,,,,,,,,,,,,,12.81,,,,
"China","Asia/Pacific","TWN","National","TWNt","Total",,,,,,,,,,,,,,,,,,,,,,,,,,,,,20.48,,,,
"China","Asia/Pacific","CHN","National","CHNt","Total",,,,,,,,,,,,,,,,,,,,,,,,,,,,,,13.04,,,
"China","Asia/Pacific","TWN","National","TWNt","Total",,,,,,,,,,,,,,,,,,,,,,,,,,,,,,20.92,,,
"China","Asia/Pacific","CHN","National","CHNt","Total",,,,,,,,,,,,,,,,,,,,,,,,,,,,,,,12.96,,
"China","Asia/Pacific","TWN","National","TWNt","Total",,,,,,,,,,,,,,,,,,,,,,,,,,,,,,,20.91,,
"China","Asia/Pacific","CHN","National","CHNt","Total",,,,,,,,,,,,,,,,,,,,,,,,,,,,,,,,13.23,
"China","Asia/Pacific","TWN","National","TWNt","Total",,,,,,,,,,,,,,,,,,,,,,,,,,,,,,,,20.64,
"China","Asia/Pacific","CHN","National","CHNt","Total",,,,,,,,,,,,,,,,,,,,,,,,,,,,,,,,,13.04
"China","Asia/Pacific","TWN","National","TWNt","Total",,,,,,,,,,,,,,,,,,,,,,,,,,,,,,,,,20.44
"Colombia","America","COL","National","COLt","Total",22.28,22.46,22.43,22.28,22.23,22.42,22.00,22.64,22.86,21.90,22.09,22.39,22.70,22.68,22.68,22.90,22.71,22.74,22.52,22.95,23.13,22.74,22.85,23.02,23.16,23.45,23.51,23.22,23.06,23.38,23.43,22.98,22.79
"Comoros","Africa","COM","National","COMt","Total",25.40,25.37,25.28,25.21,25.33,25.39,25.09,25.49,25.80,25.30,25.33,25.45,25.56,25.64,25.44,25.54,25.44,25.73,25.25,25.64,25.89,25.60,25.52,25.62,25.76,25.90,25.71,25.86,25.71,26.09,25.92,25.69,25.46
"Congo Brazzaville","Africa","COG","National","COGt","Total",24.27,24.35,24.03,24.23,24.26,24.41,24.10,24.40,25.09,24.30,24.13,24.21,24.57,24.77,24.64,24.82,24.68,24.75,24.63,24.75,25.09,24.74,24.76,24.87,24.85,25.05,25.39,25.02,25.08,25.31,25.33,25.27,25.02
"Congo Democratic Republic","Africa","COD","National","CODt","Total",23.49,23.30,23.20,23.29,23.24,23.44,23.29,23.52,24.08,23.18,23.24,23.32,23.55,23.66,23.69,23.86,23.58,23.62,23.56,23.84,24.16,23.77,23.76,24.04,24.05,24.20,24.56,24.25,24.17,24.39,24.54,24.55,24.27
"Costa Rica","America","CRI","National","CRIt","Total",22.36,22.25,22.31,22.10,22.25,22.17,21.81,22.19,22.54,21.46,21.70,21.95,22.42,22.42,22.40,22.51,22.40,22.40,22.17,22.50,22.63,22.29,22.35,22.51,22.60,22.82,22.86,22.60,22.40,22.77,22.77,22.30,22.22
"Cote d'Ivoire","Africa","CIV","National","CIVt","Total",26.12,25.99,25.87,26.04,26.02,25.99,25.83,26.04,26.60,25.77,25.94,26.05,26.22,26.46,26.41,26.49,26.51,26.58,26.44,26.49,26.82,26.41,26.35,26.50,26.48,26.55,26.94,26.75,26.51,26.74,26.83,26.86,26.50
"Croatia","Europe","HRV","National","HRVt","Total",12.06,10.91,12.19,11.40,12.70,11.65,10.65,11.46,11.77,11.97,13.03,12.13,12.63,12.22,11.65,11.05,11.97,12.81,12.70,12.59,11.66,12.36,12.69,12.30,13.10,12.81,12.46,12.56,13.11,13.24,12.87,12.50,13.30
"Cuba","America","CUB","National","CUBt","Total",25.52,25.47,25.05,25.09,25.48,25.42,24.99,25.95,26.10,25.11,25.15,25.17,25.53,25.72,25.40,25.20,25.39,25.49,25.41,25.39,24.95,25.40,25.25,25.58,25.57,25.98,25.72,25.64,25.59,26.07,26.14,25.86,25.82
"Cyprus","Europe","CYP","National","CYPt","Total",18.62,18.35,17.31,18.36,19.22,18.59,18.79,18.34,19.56,19.81,19.19,19.76,19.42,19.33,19.07,18.80,18.71,19.29,19.53,19.45,20.29,18.84,19.34,19.38,19.37,19.28,19.93,19.57,20.51,19.80,19.69,19.96,19.31
"Czech Republic","Europe","CZE","National","CZEt","Total",8.591,7.330,8.653,7.768,9.095,8.086,6.440,7.783,8.472,8.628,9.368,8.005,8.907,8.682,8.264,8.074,8.586,9.337,9.152,8.674,7.420,8.849,8.699,8.307,9.858,9.785,9.050,8.917,9.991,9.970,9.564,8.431,9.636
"Denmark","Europe","DNK","National","DNKt","Total",9.569,8.353,9.138,7.867,8.854,8.539,7.062,8.683,8.409,9.082,9.408,8.451,9.276,8.752,8.766,8.852,9.500,9.568,9.546,8.939,7.100,9.027,8.450,8.520,10.16,9.337,9.291,9.155,9.738,9.759,10.16,9.024,9.732
"Djibouti","Africa","DJI","National","DJIt","Total",28.84,28.40,28.01,28.26,27.96,28.15,28.13,28.31,28.78,28.53,28.26,28.23,28.46,28.44,28.60,28.60,28.34,28.46,28.06,28.38,28.32,28.07,28.08,28.26,28.17,28.71,28.96,28.96,28.46,28.66,28.66,28.57,28.69
"Dominica","America","DMA","National","DMAt","Total",25.39,25.31,25.44,25.46,25.24,25.69,25.38,25.62,26.08,25.60,25.32,25.54,25.69,25.79,25.69,26.13,25.86,25.83,25.47,25.72,26.33,25.79,25.82,25.67,25.60,25.83,26.03,25.89,25.56,25.85,25.98,25.83,25.70
"Dominican Republic","America","DOM","National","DOMt","Total",23.82,23.77,23.63,23.68,23.81,23.90,23.39,24.31,24.20,23.45,23.66,23.88,24.03,24.01,23.77,24.10,24.11,24.14,23.80,23.99,24.29,23.92,23.98,24.13,24.31,24.62,24.43,24.30,24.23,24.57,24.69,24.28,24.27
"Ecuador","America","ECU","National","ECUt","Total",20.66,20.91,20.94,20.87,20.60,20.50,19.98,21.40,21.15,19.83,20.00,20.14,20.49,20.33,20.67,20.85,21.14,20.59,20.98,21.24,21.06,21.02,21.10,20.90,21.28,21.97,21.66,21.27,21.15,21.36,21.32,21.12,20.84
"Egypt","Africa","EGY","National","EGYt","Total",21.48,21.30,20.75,21.58,21.85,21.61,21.90,21.61,22.46,22.45,21.64,22.26,22.39,22.11,22.05,22.00,21.99,22.24,22.62,22.58,23.68,21.95,22.49,22.50,22.84,22.74,23.21,22.64,23.54,22.77,22.76,23.14,22.44
"El Salvador","America","SLV","National","SLVt","Total",25.75,25.76,25.73,25.41,25.85,25.28,25.03,25.98,25.87,24.76,25.18,25.43,25.93,25.68,25.75,25.57,25.65,25.51,25.10,25.99,25.56,25.56,25.86,26.01,26.17,26.80,26.53,26.17,26.30,26.64,26.27,26.46,26.09
"Equatorial Guinea","Africa","GNQ","National","GNQt","Total",23.43,23.38,23.28,23.54,23.57,23.70,23.42,23.60,24.20,23.44,23.43,23.47,23.76,23.91,23.89,23.96,23.88,23.90,23.89,24.01,24.27,24.01,23.98,24.08,24.16,24.21,24.58,24.55,24.43,24.59,24.68,24.54,24.33
"Eritrea","Africa","ERI","National","ERIt","Total",25.14,25.10,24.13,24.56,24.81,24.87,24.75,24.76,25.14,25.07,24.88,24.95,25.32,25.19,25.23,24.99,24.98,24.66,24.91,25.59,25.32,24.82,25.14,25.43,25.07,25.81,25.62,25.74,25.37,25.43,25.24,25.53,25.40
"Estonia","Europe","EST","National","ESTt","Total",6.752,6.261,6.472,5.121,5.273,6.225,4.627,5.840,5.391,6.445,6.987,5.992,6.260,5.709,5.919,5.977,6.503,6.727,7.210,5.924,4.894,6.830,5.269,6.619,6.798,7.368,6.411,6.278,6.982,7.303,8.198,6.421,6.864
"Eswatini","Africa","SWZ","National","SWZt","Total",18.92,19.25,20.36,19.48,18.81,18.81,18.80,18.74,19.52,19.46,18.71,19.25,19.39,19.94,19.36,19.71,19.16,19.39,19.22,19.24,19.85,19.44,19.64,19.23,19.44,20.47,20.35,19.58,19.53,20.09,19.54,19.26,19.62
"Ethiopia","Africa","ETH","National","ETHt","Total",22.36,22.35,22.07,22.08,22.49,22.61,22.18,22.47,22.87,22.41,22.15,22.18,22.76,22.53,22.47,22.79,22.63,22.63,22.47,23.27,22.73,22.60,22.80,22.64,22.77,23.41,23.43,23.22,22.79,23.14,22.96,23.00,23.21
"Fiji","Asia/Pacific","FJI","National","FJIt","Total",24.15,24.04,23.95,23.60,23.62,24.13,24.25,23.81,24.34,24.25,24.43,24.35,24.51,24.11,24.28,24.35,24.25,24.88,24.57,23.93,24.68,24.47,24.28,24.62,24.24,24.02,24.71,24.79,24.64,24.74,25.00,24.95,25.09
"Finland","Europe","FIN","National","FINt","Total",4.631,,,,,,,,,,,,,,,,,,,,,,,,,,,,,,,,
"FInland","Europe","ALA","National","ALAt","Total",7.469,,,,,,,,,,,,,,,,,,,,,,,,,,,,,,,,
"Finland","Europe","FIN","National","FINt","Total",,4.082,,,,,,,,,,,,,,,,,,,,,,,,,,,,,,,
"FInland","Europe","ALA","National","ALAt","Total",,6.612,,,,,,,,,,,,,,,,,,,,,,,,,,,,,,,
"Finland","Europe","FIN","National","FINt","Total",,,4.339,,,,,,,,,,,,,,,,,,,,,,,,,,,,,,
"FInland","Europe","ALA","National","ALAt","Total",,,7.105,,,,,,,,,,,,,,,,,,,,,,,,,,,,,,
"Finland","Europe","FIN","National","FINt","Total",,,,3.512,,,,,,,,,,,,,,,,,,,,,,,,,,,,,
"FInland","Europe","ALA","National","ALAt","Total",,,,6.059,,,,,,,,,,,,,,,,,,,,,,,,,,,,,
"Finland","Europe","FIN","National","FINt","Total",,,,,3.433,,,,,,,,,,,,,,,,,,,,,,,,,,,,
"FInland","Europe","ALA","National","ALAt","Total",,,,,5.702,,,,,,,,,,,,,,,,,,,,,,,,,,,,
"Finland","Europe","FIN","National","FINt","Total",,,,,,4.170,,,,,,,,,,,,,,,,,,,,,,,,,,,
"FInland","Europe","ALA","National","ALAt","Total",,,,,,6.454,,,,,,,,,,,,,,,,,,,,,,,,,,,
"Finland","Europe","FIN","National","FINt","Total",,,,,,,3.165,,,,,,,,,,,,,,,,,,,,,,,,,,
"FInland","Europe","ALA","National","ALAt","Total",,,,,,,5.190,,,,,,,,,,,,,,,,,,,,,,,,,,
"Finland","Europe","FIN","National","FINt","Total",,,,,,,,4.048,,,,,,,,,,,,,,,,,,,,,,,,,
"FInland","Europe","ALA","National","ALAt","Total",,,,,,,,6.852,,,,,,,,,,,,,,,,,,,,,,,,,
"Finland","Europe","FIN","National","FINt","Total",,,,,,,,,3.224,,,,,,,,,,,,,,,,,,,,,,,,
"FInland","Europe","ALA","National","ALAt","Total",,,,,,,,,6.111,,,,,,,,,,,,,,,,,,,,,,,,
"Finland","Europe","FIN","National","FINt","Total",,,,,,,,,,4.217,,,,,,,,,,,,,,,,,,,,,,,
"FInland","Europe","ALA","National","ALAt","Total",,,,,,,,,,6.963,,,,,,,,,,,,,,,,,,,,,,,
"Finland","Europe","FIN","National","FINt","Total",,,,,,,,,,,5.208,,,,,,,,,,,,,,,,,,,,,,
"FInland","Europe","ALA","National","ALAt","Total",,,,,,,,,,,7.314,,,,,,,,,,,,,,,,,,,,,,
"Finland","Europe","FIN","National","FINt","Total",,,,,,,,,,,,3.793,,,,,,,,,,,,,,,,,,,,,
"FInland","Europe","ALA","National","ALAt","Total",,,,,,,,,,,,6.578,,,,,,,,,,,,,,,,,,,,,
"Finland","Europe","FIN","National","FINt","Total",,,,,,,,,,,,,3.998,,,,,,,,,,,,,,,,,,,,
"FInland","Europe","ALA","National","ALAt","Total",,,,,,,,,,,,,7.049,,,,,,,,,,,,,,,,,,,,
"Finland","Europe","FIN","National","FINt","Total",,,,,,,,,,,,,,3.949,,,,,,,,,,,,,,,,,,,
"FInland","Europe","ALA","National","ALAt","Total",,,,,,,,,,,,,,6.134,,,,,,,,,,,,,,,,,,,
"Finland","Europe","FIN","National","FINt","Total",,,,,,,,,,,,,,,4.174,,,,,,,,,,,,,,,,,,
"FInland","Europe","ALA","National","ALAt","Total",,,,,,,,,,,,,,,6.591,,,,,,,,,,,,,,,,,,
"Finland","Europe","FIN","National","FINt","Total",,,,,,,,,,,,,,,,4.702,,,,,,,,,,,,,,,,,
"FInland","Europe","ALA","National","ALAt","Total",,,,,,,,,,,,,,,,6.810,,,,,,,,,,,,,,,,,
"Finland","Europe","FIN","National","FINt","Total",,,,,,,,,,,,,,,,,4.662,,,,,,,,,,,,,,,,
"FInland","Europe","ALA","National","ALAt","Total",,,,,,,,,,,,,,,,,7.001,,,,,,,,,,,,,,,,
"Finland","Europe","FIN","National","FINt","Total",,,,,,,,,,,,,,,,,,4.800,,,,,,,,,,,,,,,
"FInland","Europe","ALA","National","ALAt","Total",,,,,,,,,,,,,,,,,,7.175,,,,,,,,,,,,,,,
"Finland","Europe","FIN","National","FINt","Total",,,,,,,,,,,,,,,,,,,5.151,,,,,,,,,,,,,,
"FInland","Europe","ALA","National","ALAt","Total",,,,,,,,,,,,,,,,,,,7.739,,,,,,,,,,,,,,
"Finland","Europe","FIN","National","FINt","Total",,,,,,,,,,,,,,,,,,,,4.031,,,,,,,,,,,,,
"FInland","Europe","ALA","National","ALAt","Total",,,,,,,,,,,,,,,,,,,,6.740,,,,,,,,,,,,,
"Finland","Europe","FIN","National","FINt","Total",,,,,,,,,,,,,,,,,,,,,2.796,,,,,,,,,,,,
"FInland","Europe","ALA","National","ALAt","Total",,,,,,,,,,,,,,,,,,,,,5.245,,,,,,,,,,,,
"Finland","Europe","FIN","National","FINt","Total",,,,,,,,,,,,,,,,,,,,,,5.128,,,,,,,,,,,
"FInland","Europe","ALA","National","ALAt","Total",,,,,,,,,,,,,,,,,,,,,,7.314,,,,,,,,,,,
"Finland","Europe","FIN","National","FINt","Total",,,,,,,,,,,,,,,,,,,,,,,3.593,,,,,,,,,,
"FInland","Europe","ALA","National","ALAt","Total",,,,,,,,,,,,,,,,,,,,,,,6.572,,,,,,,,,,
"Finland","Europe","FIN","National","FINt","Total",,,,,,,,,,,,,,,,,,,,,,,,5.028,,,,,,,,,
"FInland","Europe","ALA","National","ALAt","Total",,,,,,,,,,,,,,,,,,,,,,,,7.058,,,,,,,,,
"Finland","Europe","FIN","National","FINt","Total",,,,,,,,,,,,,,,,,,,,,,,,,5.333,,,,,,,,
"FInland","Europe","ALA","National","ALAt","Total",,,,,,,,,,,,,,,,,,,,,,,,,7.665,,,,,,,,
"Finland","Europe","FIN","National","FINt","Total",,,,,,,,,,,,,,,,,,,,,,,,,,5.626,,,,,,,
"FInland","Europe","ALA","National","ALAt","Total",,,,,,,,,,,,,,,,,,,,,,,,,,8.043,,,,,,,
"Finland","Europe","FIN","National","FINt","Total",,,,,,,,,,,,,,,,,,,,,,,,,,,4.664,,,,,,
"FInland","Europe","ALA","National","ALAt","Total",,,,,,,,,,,,,,,,,,,,,,,,,,,7.135,,,,,,
"Finland","Europe","FIN","National","FINt","Total",,,,,,,,,,,,,,,,,,,,,,,,,,,,4.406,,,,,
"FInland","Europe","ALA","National","ALAt","Total",,,,,,,,,,,,,,,,,,,,,,,,,,,,7.110,,,,,
"Finland","Europe","FIN","National","FINt","Total",,,,,,,,,,,,,,,,,,,,,,,,,,,,,5.036,,,,
"FInland","Europe","ALA","National","ALAt","Total",,,,,,,,,,,,,,,,,,,,,,,,,,,,,7.559,,,,
"Finland","Europe","FIN","National","FINt","Total",,,,,,,,,,,,,,,,,,,,,,,,,,,,,,4.897,,,
"FInland","Europe","ALA","National","ALAt","Total",,,,,,,,,,,,,,,,,,,,,,,,,,,,,,7.641,,,
"Finland","Europe","FIN","National","FINt","Total",,,,,,,,,,,,,,,,,,,,,,,,,,,,,,,6.356,,
"FInland","Europe","ALA","National","ALAt","Total",,,,,,,,,,,,,,,,,,,,,,,,,,,,,,,8.828,,
"Finland","Europe","FIN","National","FINt","Total",,,,,,,,,,,,,,,,,,,,,,,,,,,,,,,,4.320,
"FInland","Europe","ALA","National","ALAt","Total",,,,,,,,,,,,,,,,,,,,,,,,,,,,,,,,7.324,
"Finland","Europe","FIN","National","FINt","Total",,,,,,,,,,,,,,,,,,,,,,,,,,,,,,,,,5.042
"FInland","Europe","ALA","National","ALAt","Total",,,,,,,,,,,,,,,,,,,,,,,,,,,,,,,,,7.827
"France","Europe","FRA","National","FRAt","Total",11.50,,,,,,,,,,,,,,,,,,,,,,,,,,,,,,,,
"France","Europe","GUF","National","GUFt","Total",25.56,,,,,,,,,,,,,,,,,,,,,,,,,,,,,,,,
"France","Europe","REU","National","REUt","Total",20.36,,,,,,,,,,,,,,,,,,,,,,,,,,,,,,,,
"France","Europe","MYT","National","MYTt","Total",26.04,,,,,,,,,,,,,,,,,,,,,,,,,,,,,,,,
"France","Europe","FRA","National","FRAt","Total",,10.36,,,,,,,,,,,,,,,,,,,,,,,,,,,,,,,
"France","Europe","GUF","National","GUFt","Total",,25.45,,,,,,,,,,,,,,,,,,,,,,,,,,,,,,,
"France","Europe","REU","National","REUt","Total",,20.42,,,,,,,,,,,,,,,,,,,,,,,,,,,,,,,
"France","Europe","MYT","National","MYTt","Total",,26.08,,,,,,,,,,,,,,,,,,,,,,,,,,,,,,,
"France","Europe","FRA","National","FRAt","Total",,,10.87,,,,,,,,,,,,,,,,,,,,,,,,,,,,,,
"France","Europe","GUF","National","GUFt","Total",,,25.43,,,,,,,,,,,,,,,,,,,,,,,,,,,,,,
"France","Europe","REU","National","REUt","Total",,,19.99,,,,,,,,,,,,,,,,,,,,,,,,,,,,,,
"France","Europe","MYT","National","MYTt","Total",,,25.80,,,,,,,,,,,,,,,,,,,,,,,,,,,,,,
"France","Europe","FRA","National","FRAt","Total",,,,10.53,,,,,,,,,,,,,,,,,,,,,,,,,,,,,
"France","Europe","GUF","National","GUFt","Total",,,,25.39,,,,,,,,,,,,,,,,,,,,,,,,,,,,,
"France","Europe","REU","National","REUt","Total",,,,19.99,,,,,,,,,,,,,,,,,,,,,,,,,,,,,
"France","Europe","MYT","National","MYTt","Total",,,,25.82,,,,,,,,,,,,,,,,,,,,,,,,,,,,,
"France","Europe","FRA","National","FRAt","Total",,,,,11.78,,,,,,,,,,,,,,,,,,,,,,,,,,,,
"France","Europe","GUF","National","GUFt","Total",,,,,25.40,,,,,,,,,,,,,,,,,,,,,,,,,,,,
"France","Europe","REU","National","REUt","Total",,,,,20.36,,,,,,,,,,,,,,,,,,,,,,,,,,,,
"France","Europe","MYT","National","MYTt","Total",,,,,25.91,,,,,,,,,,,,,,,,,,,,,,,,,,,,
"France","Europe","FRA","National","FRAt","Total",,,,,,11.32,,,,,,,,,,,,,,,,,,,,,,,,,,,
"France","Europe","GUF","National","GUFt","Total",,,,,,25.79,,,,,,,,,,,,,,,,,,,,,,,,,,,
"France","Europe","REU","National","REUt","Total",,,,,,20.19,,,,,,,,,,,,,,,,,,,,,,,,,,,
"France","Europe","MYT","National","MYTt","Total",,,,,,26.00,,,,,,,,,,,,,,,,,,,,,,,,,,,
"France","Europe","FRA","National","FRAt","Total",,,,,,,10.26,,,,,,,,,,,,,,,,,,,,,,,,,,
"France","Europe","GUF","National","GUFt","Total",,,,,,,25.53,,,,,,,,,,,,,,,,,,,,,,,,,,
"France","Europe","REU","National","REUt","Total",,,,,,,20.05,,,,,,,,,,,,,,,,,,,,,,,,,,
"France","Europe","MYT","National","MYTt","Total",,,,,,,25.72,,,,,,,,,,,,,,,,,,,,,,,,,,
"France","Europe","FRA","National","FRAt","Total",,,,,,,,11.52,,,,,,,,,,,,,,,,,,,,,,,,,
"France","Europe","GUF","National","GUFt","Total",,,,,,,,25.67,,,,,,,,,,,,,,,,,,,,,,,,,
"France","Europe","REU","National","REUt","Total",,,,,,,,20.18,,,,,,,,,,,,,,,,,,,,,,,,,
"France","Europe","MYT","National","MYTt","Total",,,,,,,,26.05,,,,,,,,,,,,,,,,,,,,,,,,,
"France","Europe","FRA","National","FRAt","Total",,,,,,,,,10.98,,,,,,,,,,,,,,,,,,,,,,,,
"France","Europe","GUF","National","GUFt","Total",,,,,,,,,26.26,,,,,,,,,,,,,,,,,,,,,,,,
"France","Europe","REU","National","REUt","Total",,,,,,,,,20.58,,,,,,,,,,,,,,,,,,,,,,,,
"France","Europe","MYT","National","MYTt","Total",,,,,,,,,26.41,,,,,,,,,,,,,,,,,,,,,,,,
"France","Europe","FRA","National","FRAt","Total",,,,,,,,,,11.44,,,,,,,,,,,,,,,,,,,,,,,
"France","Europe","GUF","National","GUFt","Total",,,,,,,,,,25.55,,,,,,,,,,,,,,,,,,,,,,,
"France","Europe","REU","National","REUt","Total",,,,,,,,,,20.13,,,,,,,,,,,,,,,,,,,,,,,
"France","Europe","MYT","National","MYTt","Total",,,,,,,,,,25.90,,,,,,,,,,,,,,,,,,,,,,,
"France","Europe","FRA","National","FRAt","Total",,,,,,,,,,,11.60,,,,,,,,,,,,,,,,,,,,,,
"France","Europe","GUF","National","GUFt","Total",,,,,,,,,,,25.26,,,,,,,,,,,,,,,,,,,,,,
"France","Europe","REU","National","REUt","Total",,,,,,,,,,,20.06,,,,,,,,,,,,,,,,,,,,,,
"France","Europe","MYT","National","MYTt","Total",,,,,,,,,,,25.85,,,,,,,,,,,,,,,,,,,,,,
"France","Europe","FRA","National","FRAt","Total",,,,,,,,,,,,11.21,,,,,,,,,,,,,,,,,,,,,
"France","Europe","GUF","National","GUFt","Total",,,,,,,,,,,,25.52,,,,,,,,,,,,,,,,,,,,,
"France","Europe","REU","National","REUt","Total",,,,,,,,,,,,20.42,,,,,,,,,,,,,,,,,,,,,
"France","Europe","MYT","National","MYTt","Total",,,,,,,,,,,,26.01,,,,,,,,,,,,,,,,,,,,,
"France","Europe","FRA","National","FRAt","Total",,,,,,,,,,,,,11.64,,,,,,,,,,,,,,,,,,,,
"France","Europe","GUF","National","GUFt","Total",,,,,,,,,,,,,25.57,,,,,,,,,,,,,,,,,,,,
"France","Europe","REU","National","REUt","Total",,,,,,,,,,,,,20.60,,,,,,,,,,,,,,,,,,,,
"France","Europe","MYT","National","MYTt","Total",,,,,,,,,,,,,26.17,,,,,,,,,,,,,,,,,,,,
"France","Europe","FRA","National","FRAt","Total",,,,,,,,,,,,,,11.91,,,,,,,,,,,,,,,,,,,
"France","Europe","GUF","National","GUFt","Total",,,,,,,,,,,,,,25.91,,,,,,,,,,,,,,,,,,,
"France","Europe","REU","National","REUt","Total",,,,,,,,,,,,,,20.99,,,,,,,,,,,,,,,,,,,
"France","Europe","MYT","National","MYTt","Total",,,,,,,,,,,,,,26.19,,,,,,,,,,,,,,,,,,,
"France","Europe","FRA","National","FRAt","Total",,,,,,,,,,,,,,,11.11,,,,,,,,,,,,,,,,,,
"France","Europe","GUF","National","GUFt","Total",,,,,,,,,,,,,,,25.98,,,,,,,,,,,,,,,,,,
"France","Europe","REU","National","REUt","Total",,,,,,,,,,,,,,,20.83,,,,,,,,,,,,,,,,,,
"France","Europe","MYT","National","MYTt","Total",,,,,,,,,,,,,,,26.10,,,,,,,,,,,,,,,,,,
"France","Europe","FRA","National","FRAt","Total",,,,,,,,,,,,,,,,11.11,,,,,,,,,,,,,,,,,
"France","Europe","GUF","National","GUFt","Total",,,,,,,,,,,,,,,,26.13,,,,,,,,,,,,,,,,,
"France","Europe","REU","National","REUt","Total",,,,,,,,,,,,,,,,20.82,,,,,,,,,,,,,,,,,
"France","Europe","MYT","National","MYTt","Total",,,,,,,,,,,,,,,,26.15,,,,,,,,,,,,,,,,,
"France","Europe","FRA","National","FRAt","Total",,,,,,,,,,,,,,,,,11.71,,,,,,,,,,,,,,,,
"France","Europe","GUF","National","GUFt","Total",,,,,,,,,,,,,,,,,25.68,,,,,,,,,,,,,,,,
"France","Europe","REU","National","REUt","Total",,,,,,,,,,,,,,,,,20.99,,,,,,,,,,,,,,,,
"France","Europe","MYT","National","MYTt","Total",,,,,,,,,,,,,,,,,26.09,,,,,,,,,,,,,,,,
"France","Europe","FRA","National","FRAt","Total",,,,,,,,,,,,,,,,,,11.45,,,,,,,,,,,,,,,
"France","Europe","GUF","National","GUFt","Total",,,,,,,,,,,,,,,,,,25.72,,,,,,,,,,,,,,,
"France","Europe","REU","National","REUt","Total",,,,,,,,,,,,,,,,,,20.71,,,,,,,,,,,,,,,
"France","Europe","MYT","National","MYTt","Total",,,,,,,,,,,,,,,,,,26.30,,,,,,,,,,,,,,,
"France","Europe","FRA","National","FRAt","Total",,,,,,,,,,,,,,,,,,,11.06,,,,,,,,,,,,,,
"France","Europe","GUF","National","GUFt","Total",,,,,,,,,,,,,,,,,,,25.76,,,,,,,,,,,,,,
"France","Europe","REU","National","REUt","Total",,,,,,,,,,,,,,,,,,,20.60,,,,,,,,,,,,,,
"France","Europe","MYT","National","MYTt","Total",,,,,,,,,,,,,,,,,,,25.89,,,,,,,,,,,,,,
"France","Europe","FRA","National","FRAt","Total",,,,,,,,,,,,,,,,,,,,11.42,,,,,,,,,,,,,
"France","Europe","GUF","National","GUFt","Total",,,,,,,,,,,,,,,,,,,,26.28,,,,,,,,,,,,,
"France","Europe","REU","National","REUt","Total",,,,,,,,,,,,,,,,,,,,20.95,,,,,,,,,,,,,
"France","Europe","MYT","National","MYTt","Total",,,,,,,,,,,,,,,,,,,,26.26,,,,,,,,,,,,,
"France","Europe","FRA","National","FRAt","Total",,,,,,,,,,,,,,,,,,,,,10.35,,,,,,,,,,,,
"France","Europe","GUF","National","GUFt","Total",,,,,,,,,,,,,,,,,,,,,26.33,,,,,,,,,,,,
"France","Europe","REU","National","REUt","Total",,,,,,,,,,,,,,,,,,,,,21.04,,,,,,,,,,,,
"France","Europe","MYT","National","MYTt","Total",,,,,,,,,,,,,,,,,,,,,26.45,,,,,,,,,,,,
"France","Europe","FRA","National","FRAt","Total",,,,,,,,,,,,,,,,,,,,,,12.13,,,,,,,,,,,
"France","Europe","GUF","National","GUFt","Total",,,,,,,,,,,,,,,,,,,,,,26.02,,,,,,,,,,,
"France","Europe","REU","National","REUt","Total",,,,,,,,,,,,,,,,,,,,,,20.93,,,,,,,,,,,
"France","Europe","MYT","National","MYTt","Total",,,,,,,,,,,,,,,,,,,,,,26.22,,,,,,,,,,,
"France","Europe","FRA","National","FRAt","Total",,,,,,,,,,,,,,,,,,,,,,,11.25,,,,,,,,,,
"France","Europe","GUF","National","GUFt","Total",,,,,,,,,,,,,,,,,,,,,,,26.17,,,,,,,,,,
"France","Europe","REU","National","REUt","Total",,,,,,,,,,,,,,,,,,,,,,,20.80,,,,,,,,,,
"France","Europe","MYT","National","MYTt","Total",,,,,,,,,,,,,,,,,,,,,,,26.11,,,,,,,,,,
"France","Europe","FRA","National","FRAt","Total",,,,,,,,,,,,,,,,,,,,,,,,10.83,,,,,,,,,
"France","Europe","GUF","National","GUFt","Total",,,,,,,,,,,,,,,,,,,,,,,,25.95,,,,,,,,,
"France","Europe","REU","National","REUt","Total",,,,,,,,,,,,,,,,,,,,,,,,20.77,,,,,,,,,
"France","Europe","MYT","National","MYTt","Total",,,,,,,,,,,,,,,,,,,,,,,,26.24,,,,,,,,,
"France","Europe","FRA","National","FRAt","Total",,,,,,,,,,,,,,,,,,,,,,,,,12.20,,,,,,,,
"France","Europe","GUF","National","GUFt","Total",,,,,,,,,,,,,,,,,,,,,,,,,26.10,,,,,,,,
"France","Europe","REU","National","REUt","Total",,,,,,,,,,,,,,,,,,,,,,,,,21.17,,,,,,,,
"France","Europe","MYT","National","MYTt","Total",,,,,,,,,,,,,,,,,,,,,,,,,26.34,,,,,,,,
"France","Europe","FRA","National","FRAt","Total",,,,,,,,,,,,,,,,,,,,,,,,,,11.99,,,,,,,
"France","Europe","GUF","National","GUFt","Total",,,,,,,,,,,,,,,,,,,,,,,,,,26.19,,,,,,,
"France","Europe","REU","National","REUt","Total",,,,,,,,,,,,,,,,,,,,,,,,,,21.16,,,,,,,
"France","Europe","MYT","National","MYTt","Total",,,,,,,,,,,,,,,,,,,,,,,,,,26.49,,,,,,,
"France","Europe","FRA","National","FRAt","Total",,,,,,,,,,,,,,,,,,,,,,,,,,,11.50,,,,,,
"France","Europe","GUF","National","GUFt","Total",,,,,,,,,,,,,,,,,,,,,,,,,,,26.45,,,,,,
"France","Europe","REU","National","REUt","Total",,,,,,,,,,,,,,,,,,,,,,,,,,,20.73,,,,,,
"France","Europe","MYT","National","MYTt","Total",,,,,,,,,,,,,,,,,,,,,,,,,,,26.29,,,,,,
"France","Europe","FRA","National","FRAt","Total",,,,,,,,,,,,,,,,,,,,,,,,,,,,11.78,,,,,
"France","Europe","GUF","National","GUFt","Total",,,,,,,,,,,,,,,,,,,,,,,,,,,,26.14,,,,,
"France","Europe","REU","National","REUt","Total",,,,,,,,,,,,,,,,,,,,,,,,,,,,21.24,,,,,
"France","Europe","MYT","National","MYTt","Total",,,,,,,,,,,,,,,,,,,,,,,,,,,,26.48,,,,,
"France","Europe","FRA","National","FRAt","Total",,,,,,,,,,,,,,,,,,,,,,,,,,,,,12.34,,,,
"France","Europe","GUF","National","GUFt","Total",,,,,,,,,,,,,,,,,,,,,,,,,,,,,25.74,,,,
"France","Europe","REU","National","REUt","Total",,,,,,,,,,,,,,,,,,,,,,,,,,,,,20.93,,,,
"France","Europe","MYT","National","MYTt","Total",,,,,,,,,,,,,,,,,,,,,,,,,,,,,26.31,,,,
"France","Europe","FRA","National","FRAt","Total",,,,,,,,,,,,,,,,,,,,,,,,,,,,,,12.10,,,
"France","Europe","GUF","National","GUFt","Total",,,,,,,,,,,,,,,,,,,,,,,,,,,,,,26.19,,,
"France","Europe","REU","National","REUt","Total",,,,,,,,,,,,,,,,,,,,,,,,,,,,,,21.33,,,
"France","Europe","MYT","National","MYTt","Total",,,,,,,,,,,,,,,,,,,,,,,,,,,,,,26.72,,,
"France","Europe","FRA","National","FRAt","Total",,,,,,,,,,,,,,,,,,,,,,,,,,,,,,,12.60,,
"France","Europe","GUF","National","GUFt","Total",,,,,,,,,,,,,,,,,,,,,,,,,,,,,,,26.23,,
"France","Europe","REU","National","REUt","Total",,,,,,,,,,,,,,,,,,,,,,,,,,,,,,,20.47,,
"France","Europe","MYT","National","MYTt","Total",,,,,,,,,,,,,,,,,,,,,,,,,,,,,,,26.52,,
"France","Europe","FRA","National","FRAt","Total",,,,,,,,,,,,,,,,,,,,,,,,,,,,,,,,11.31,
"France","Europe","GUF","National","GUFt","Total",,,,,,,,,,,,,,,,,,,,,,,,,,,,,,,,25.83,
"France","Europe","REU","National","REUt","Total",,,,,,,,,,,,,,,,,,,,,,,,,,,,,,,,20.81,
"France","Europe","MYT","National","MYTt","Total",,,,,,,,,,,,,,,,,,,,,,,,,,,,,,,,26.28,
"France","Europe","FRA","National","FRAt","Total",,,,,,,,,,,,,,,,,,,,,,,,,,,,,,,,,12.92
"France","Europe","GUF","National","GUFt","Total",,,,,,,,,,,,,,,,,,,,,,,,,,,,,,,,,25.74
"France","Europe","REU","National","REUt","Total",,,,,,,,,,,,,,,,,,,,,,,,,,,,,,,,,20.37
"France","Europe","MYT","National","MYTt","Total",,,,,,,,,,,,,,,,,,,,,,,,,,,,,,,,,26.06
"French Polynesia","Asia/Pacific","PYF","National","PYFt","Total",25.56,25.74,25.64,25.61,25.72,25.70,25.37,25.55,25.89,25.52,25.43,25.55,25.88,25.88,25.74,25.78,25.79,25.77,25.32,25.79,25.62,25.07,25.76,25.49,25.64,25.80,26.21,25.93,25.68,25.88,25.80,25.57,25.17
"Gabon","Africa","GAB","National","GABt","Total",24.11,24.17,23.96,24.27,24.20,24.43,24.03,24.30,25.00,24.22,24.14,24.15,24.64,24.78,24.59,24.68,24.61,24.73,24.60,24.66,25.02,24.80,24.81,24.93,24.91,25.02,25.42,25.22,25.13,25.30,25.38,25.20,25.03
"Gambia","Africa","GMB","National","GMBt","Total",27.26,27.16,27.15,27.27,27.15,27.50,27.37,27.53,27.94,26.96,27.31,27.42,27.71,27.24,27.28,27.80,27.35,27.36,27.44,27.17,27.99,27.59,27.59,27.69,27.51,27.45,27.85,28.00,27.32,27.50,28.10,27.96,27.58
"Georgia","Europe","GEO","National","GEOt","Total",7.832,8.052,6.221,6.433,7.556,7.699,8.001,7.309,8.841,8.375,7.733,8.385,8.002,7.410,7.934,8.198,8.325,8.263,8.287,8.530,10.34,7.581,8.877,8.518,9.335,9.331,8.693,8.835,10.08,9.418,9.345,9.301,8.962
"Germany","Europe","DEU","National","DEUt","Total",9.663,8.439,9.432,8.505,9.754,9.057,7.270,9.029,9.169,9.691,10.01,9.118,9.677,9.541,9.181,9.307,9.864,10.15,9.780,9.458,8.055,9.884,9.283,8.926,10.58,10.14,9.775,9.819,10.68,10.55,10.71,9.396,10.70
"Ghana","Africa","GHA","National","GHAt","Total",26.84,26.60,26.56,26.84,26.75,26.83,26.64,26.86,27.50,26.59,26.87,26.94,27.04,27.17,27.09,27.20,27.23,27.23,27.16,27.42,27.69,27.32,27.18,27.35,27.29,27.51,27.81,27.66,27.53,27.82,27.77,27.89,27.32
"Gibraltar","Europe","GIB","National","GIBt","Total",17.95,17.22,17.23,17.09,17.77,17.83,17.34,17.96,17.57,17.33,17.55,17.66,17.61,17.58,17.46,17.20,17.80,17.47,17.56,17.85,17.81,18.03,17.57,17.54,18.00,18.18,18.16,18.19,17.40,17.74,18.15,17.89,18.33
"Greece","Europe","GRC","National","GRCt","Total",15.45,14.44,14.66,14.98,15.94,15.06,14.84,14.77,15.48,15.91,15.45,15.75,15.53,15.42,15.38,15.12,15.10,15.98,15.98,15.89,16.35,15.26,16.11,16.25,16.16,15.86,16.19,15.85,16.49,16.35,16.24,16.22,16.09
"Greenland","America","GRL","National","GRLt","Total",-19.21,-19.09,-20.36,-19.84,-19.33,-18.60,-17.66,-18.47,-17.99,-19.00,-18.38,-18.18,-17.92,-17.30,-18.15,-17.14,-18.17,-18.34,-18.29,-18.87,-15.79,-19.03,-17.31,-18.61,-17.97,-19.49,-16.46,-17.74,-18.27,-16.96,-18.28,-16.83,-17.12
"Grenada","America","GRD","National","GRDt","Total",26.14,25.99,26.16,26.20,26.03,26.45,26.32,26.42,26.82,26.39,26.16,26.26,26.46,26.52,26.52,26.95,26.65,26.63,26.37,26.59,27.01,26.63,26.61,26.58,26.43,26.55,26.84,26.68,26.43,26.71,26.84,26.65,26.48
"Guatemala","America","GTM","National","GTMt","Total",21.36,21.63,21.53,21.56,21.66,21.79,21.36,21.99,22.33,21.20,21.37,21.43,21.91,22.04,21.69,22.04,21.77,21.91,21.58,22.24,22.23,22.24,22.10,22.37,22.26,22.68,22.68,22.44,22.32,22.92,22.85,22.69,22.45
"Guinea","Africa","GIN","National","GINt","Total",25.78,25.70,25.43,25.63,25.40,25.69,25.85,25.75,26.21,25.52,25.60,25.79,26.06,25.98,26.04,26.06,25.95,25.91,25.74,25.87,26.14,25.86,25.61,25.87,25.80,25.89,26.16,26.29,26.09,26.37,26.57,26.60,26.13
"Guinea Bissau","Africa","GNB","National","GNBt","Total",27.31,27.17,27.06,27.19,26.83,27.51,27.37,27.43,27.88,27.09,27.22,27.35,27.48,27.32,27.35,27.70,27.36,27.37,27.33,27.07,27.67,27.31,27.20,27.21,27.06,27.15,27.45,27.54,27.05,27.57,27.87,27.83,27.47
"Guyana","America","GUY","National","GUYt","Total",25.26,25.11,25.22,25.08,25.08,25.56,25.31,25.58,25.92,25.22,25.00,25.26,25.44,25.62,25.57,25.86,25.46,25.30,25.18,25.62,25.72,25.56,25.51,25.44,25.48,25.68,25.98,25.85,25.50,25.83,25.90,25.55,25.44
"Haiti","America","HTI","National","HTIt","Total",25.21,25.15,24.91,24.81,24.87,24.90,24.48,25.46,25.41,24.56,24.74,24.99,25.20,25.20,24.83,25.10,25.24,25.31,24.95,25.09,25.25,25.05,25.11,25.37,25.56,25.87,25.55,25.39,25.45,25.71,25.86,25.49,25.41
"Honduras","America","HND","National","HNDt","Total",23.32,23.54,23.40,23.20,23.45,23.44,22.85,23.52,23.83,22.66,22.73,22.93,23.44,23.46,23.38,23.59,23.46,23.39,23.19,23.58,23.42,23.48,23.42,23.76,23.71,24.18,24.10,23.80,23.68,24.32,24.24,24.14,23.84
"Hungary","Europe","HUN","National","HUNt","Total",11.20,9.861,11.35,10.48,11.95,10.75,9.571,10.17,10.63,10.86,12.01,10.76,11.74,10.82,10.58,10.20,10.97,12.12,11.86,11.75,10.59,11.20,11.82,11.50,12.38,12.09,11.50,11.50,12.42,12.56,11.93,11.36,12.34
"Iceland","Europe","ISL","National","ISLt","Total",1.039,1.921,1.000,1.005,0.892,0.509,1.753,1.679,0.992,1.192,1.505,1.749,2.115,2.781,2.533,1.723,2.301,2.091,1.833,2.154,2.267,1.919,2.190,1.808,3.004,1.488,2.890,2.719,2.202,2.124,1.634,1.946,1.777
"India","Asia/Pacific","IND","National","INDt","Total",23.01,23.13,23.01,23.18,23.19,23.32,23.21,22.80,23.49,23.48,23.15,23.30,23.55,23.36,23.39,23.41,23.68,23.49,23.31,23.93,23.89,23.31,23.38,23.34,23.54,23.69,24.07,23.94,23.69,23.76,23.55,23.73,23.80
"Indonesia","Asia/Pacific","IDN","National","IDNt","Total",25.00,24.86,24.84,24.99,24.96,25.10,25.08,25.22,25.68,24.99,25.03,25.11,25.33,25.31,25.33,25.39,25.31,25.30,25.14,25.52,25.64,25.30,25.37,25.49,25.53,25.64,25.99,25.64,25.65,25.79,25.85,25.66,25.58
"Iran","Asia/Pacific","IRN","National","IRNt","Total",15.42,15.26,13.81,14.87,15.55,15.79,15.51,15.46,16.29,16.45,16.12,16.82,16.31,16.05,16.27,16.12,16.43,15.95,16.18,16.20,17.57,16.01,16.13,16.49,16.39,16.97,16.88,16.84,17.31,16.51,16.24,17.64,17.27
"Iraq","Asia/Pacific","IRQ","National","IRQt","Total",22.80,22.60,21.09,22.28,23.24,22.81,23.65,22.32,23.89,24.13,23.46,23.93,23.39,23.38,23.34,23.43,23.59,23.55,23.66,23.42,24.95,22.72,23.66,23.00,23.69,23.82,23.72,23.93,24.27,23.63,24.03,24.86,24.28
"Ireland","Europe","IRL","National","IRLt","Total",10.12,9.614,9.560,9.393,9.704,10.29,9.298,10.41,10.14,10.10,9.750,9.642,10.10,10.14,10.05,10.20,10.28,10.46,9.726,9.693,8.707,9.992,9.680,9.707,10.23,9.609,9.903,10.22,10.05,10.09,10.04,10.25,10.52
"Isle of Man","Europe","IMN","National","IMNt","Total",10.55,9.851,10.15,9.660,9.979,10.47,9.601,10.65,10.63,10.60,10.32,10.01,10.63,10.66,10.61,10.62,10.67,10.95,10.24,10.31,9.425,10.52,10.02,9.770,10.89,10.20,10.58,10.73,10.27,10.64,10.63,10.52,11.15
"Israel","Asia/Pacific","ISR","National","ISRt","Total",19.25,19.20,18.23,19.26,19.81,19.38,19.90,19.32,20.40,20.30,19.66,20.30,20.22,20.04,19.86,19.74,19.63,20.01,20.31,20.40,21.77,19.80,20.50,20.31,20.41,20.34,20.84,20.52,21.36,20.62,20.86,21.15,20.45
"Italy","Europe","ITA","National","ITAt","Total",11.99,11.14,11.89,11.79,12.74,11.68,11.50,12.34,12.23,12.22,12.64,12.42,12.49,12.64,12.12,11.56,12.30,12.70,12.57,12.57,11.88,12.73,12.76,12.39,13.04,13.09,12.87,12.81,13.16,13.06,13.04,12.73,13.68
"Jamaica","America","JAM","National","JAMt","Total",25.54,25.46,25.39,25.23,25.44,25.41,24.85,25.42,25.88,25.09,25.10,25.41,25.60,25.69,25.55,25.55,25.79,25.66,25.32,25.69,25.57,25.43,25.56,25.80,25.91,26.17,26.09,26.08,26.08,26.43,26.48,26.21,26.07
"Japan","Asia/Pacific","JPN","National","JPNt","Total",13.55,12.97,12.63,12.20,13.31,12.35,12.08,12.75,13.53,13.09,12.93,12.66,12.97,12.72,13.60,12.72,13.00,13.39,13.08,13.17,13.37,12.87,12.68,13.11,12.80,13.51,13.74,12.94,13.61,13.72,13.78,13.75,13.67
"Jersey","Europe","JEY","National","JEYt","Total",12.62,11.18,11.67,11.54,12.20,12.37,11.26,12.04,12.03,12.44,12.09,12.02,12.51,12.30,12.21,12.41,12.26,12.56,12.10,11.99,11.11,12.55,11.95,11.58,12.91,12.43,12.31,12.65,12.50,12.63,12.91,12.19,13.26
"Jordan","Asia/Pacific","JOR","National","JORt","Total",18.60,18.52,17.37,18.59,19.06,18.73,19.34,18.47,19.76,19.59,19.01,19.66,19.25,19.20,19.15,18.97,18.91,19.31,19.50,19.52,21.23,18.93,19.85,19.44,19.68,19.68,20.11,19.95,20.51,19.88,20.28,20.53,19.97
"Kazakhstan","Asia/Pacific","KAZ","National","KAZt","Total",6.640,6.505,5.749,4.653,5.614,7.236,5.079,7.156,6.101,6.791,6.596,6.651,7.396,6.016,7.433,7.105,7.099,7.438,7.263,6.513,6.618,5.934,6.145,7.773,5.845,7.552,7.387,7.237,5.975,7.418,7.530,7.299,7.556
"Kenya","Africa","KEN","National","KENt","Total",22.08,22.32,22.25,22.21,22.49,22.55,22.51,22.61,22.46,22.39,22.59,22.42,22.65,22.79,22.77,23.08,22.83,22.78,22.74,23.20,22.94,22.97,22.83,22.70,22.96,23.24,23.25,23.39,22.73,23.41,22.97,23.19,23.11
"Kiribati","Asia/Pacific","KIR","National","KIRt","Total",27.10,27.19,26.99,26.93,27.07,26.97,26.67,27.00,26.69,26.04,26.29,26.80,27.16,27.27,27.23,27.16,27.02,26.73,26.24,27.05,26.70,26.42,26.82,27.04,27.29,27.44,27.33,27.07,27.31,27.47,27.14,26.71,26.51
"Kosovo","Europe","XKO","National","XKOt","Total",10.34,9.032,9.926,9.860,10.95,9.507,9.639,9.628,10.03,10.39,10.75,10.21,10.59,10.31,10.04,9.417,9.740,11.06,11.00,10.77,10.98,10.53,11.32,11.24,11.36,11.16,10.93,10.86,11.37,11.48,11.01,10.44,11.04
"Kuwait","Asia/Pacific","KWT","National","KWTt","Total",25.91,25.40,24.15,25.44,25.85,25.39,26.15,25.20,26.52,26.62,25.99,26.52,26.26,26.25,26.11,25.99,26.35,26.18,26.10,26.11,27.43,25.78,26.34,25.99,26.56,26.83,26.77,26.91,27.29,26.84,26.94,27.67,27.13
"Kyrgyzstan","Asia/Pacific","KGZ","National","KGZt","Total",2.239,1.605,1.557,1.086,1.406,1.576,1.068,2.568,2.450,2.027,1.858,2.220,2.567,1.749,2.503,1.997,2.680,2.658,2.250,1.934,2.500,2.071,1.422,2.599,1.599,2.596,3.020,2.169,1.984,2.636,1.985,2.429,3.033
"Lao","Asia/Pacific","LAO","National","LAOt","Total",22.77,23.03,22.46,22.45,22.74,22.67,22.47,22.79,23.63,22.63,22.65,22.97,23.03,23.09,22.68,23.07,23.19,23.02,22.40,23.08,23.59,22.43,23.52,23.10,23.20,23.62,23.61,23.42,23.26,24.11,23.77,23.40,23.33
"Latvia","Europe","LVA","National","LVAt","Total",7.464,6.744,6.970,5.758,6.031,6.633,5.061,6.313,6.061,7.174,7.569,6.575,7.012,6.351,6.352,6.314,7.020,7.273,7.705,6.495,5.624,7.201,6.046,6.900,7.296,7.749,7.046,6.796,7.545,8.093,8.679,6.900,7.334
"Lebanon","Asia/Pacific","LBN","National","LBNt","Total",15.71,15.60,14.25,15.46,16.20,15.71,16.23,15.50,16.75,16.88,16.19,17.01,16.53,16.36,16.14,15.84,15.88,16.28,16.52,16.44,18.04,15.92,16.58,16.55,16.83,16.55,17.15,16.92,17.69,16.94,17.36,17.54,16.83
"Lesotho","Africa","LSO","National","LSOt","Total",10.75,11.04,11.62,11.26,10.43,11.10,10.21,10.53,11.49,11.76,10.80,10.98,11.11,11.75,11.49,11.85,10.81,11.46,11.62,11.34,12.10,10.81,11.37,11.82,11.77,12.78,12.46,11.96,11.90,13.16,11.83,11.46,11.73
"Liberia","Africa","LBR","National","LBRt","Total",25.05,24.87,24.72,24.90,24.84,25.11,24.86,24.95,25.44,24.83,24.76,24.84,25.00,25.13,25.13,25.19,25.18,25.21,25.10,25.11,25.31,25.02,24.96,25.21,25.06,25.27,25.68,25.61,25.45,25.80,25.84,25.72,25.59
"Libya","Africa","LBY","National","LBYt","Total",21.85,21.41,20.96,21.69,21.61,21.81,22.03,21.80,21.96,22.34,21.49,22.25,22.09,22.03,21.95,22.16,22.11,22.34,22.42,22.35,23.74,21.67,22.18,22.60,22.69,22.00,23.00,21.56,23.34,22.35,22.40,23.12,22.45
"Liechtenstein","Europe","LIE","National","LIEt","Total",5.452,4.613,5.474,5.200,6.862,5.351,4.699,6.098,5.381,5.488,6.174,5.699,6.407,6.289,5.770,5.349,6.126,6.424,6.333,6.540,5.459,7.227,6.320,5.813,7.639,7.159,6.758,6.403,7.468,7.114,7.222,5.887,7.386
"Lithuania","Europe","LTU","National","LTUt","Total",8.020,7.087,7.488,6.316,6.861,7.014,5.443,6.830,6.710,7.719,8.116,7.111,7.752,6.912,6.792,6.862,7.372,7.772,8.194,7.067,6.256,7.610,6.756,7.444,7.912,8.302,7.636,7.523,8.111,8.815,9.150,7.269,7.878
"Luxembourg","Europe","LUX","National","LUXt","Total",9.403,8.356,9.168,8.625,9.844,9.382,7.671,9.146,8.930,9.485,9.782,9.262,9.787,9.732,9.003,9.393,9.796,9.850,9.160,9.371,8.225,10.01,9.146,8.588,10.39,9.863,9.347,9.703,10.46,10.08,10.70,9.125,10.73
"Madagascar","Africa","MDG","National","MDGt","Total",21.69,21.62,21.40,21.43,21.56,21.77,21.59,21.70,22.01,21.64,21.68,21.91,21.92,21.94,21.91,21.94,22.16,22.00,21.74,22.10,22.35,22.17,22.01,22.00,22.17,22.20,22.07,22.37,22.10,22.58,22.29,22.29,21.89
"Malawi","Africa","MWI","National","MWIt","Total",22.40,22.08,22.81,22.33,22.33,22.69,22.27,22.17,22.57,21.87,21.90,22.32,22.32,22.12,21.88,22.74,22.20,22.20,21.95,22.18,22.59,22.48,22.37,22.42,22.53,22.87,23.01,22.66,22.62,22.72,22.82,22.58,22.27
"Malaysia","Asia/Pacific","MYS","National","MYSt","Total",26.07,25.87,25.84,25.77,25.87,25.98,25.84,26.06,26.78,25.83,25.99,26.11,26.50,26.34,26.34,26.63,26.21,26.12,25.96,26.33,26.60,26.16,26.22,26.42,26.43,26.62,27.13,26.56,26.56,26.92,26.82,26.52,26.48
"Mali","Africa","MLI","National","MLIt","Total",28.57,28.38,27.97,28.57,27.81,28.10,28.55,28.24,28.79,27.80,28.23,28.56,28.95,28.85,29.01,29.02,28.45,28.64,28.24,28.82,29.42,28.94,28.34,28.78,28.71,28.67,29.13,29.06,29.01,28.86,29.08,29.61,28.72
"Mauritania","Africa","MRT","National","MRTt","Total",28.66,28.11,27.98,28.03,27.90,28.14,28.47,28.52,28.93,27.91,28.43,28.97,28.66,28.62,28.53,28.84,28.47,28.39,28.51,28.59,29.60,28.79,28.21,28.77,28.73,28.93,29.20,29.12,28.27,28.44,29.38,29.51,28.79
"Mauritius","Africa","MUS","National","MUSt","Total",24.04,24.19,23.75,23.78,24.08,24.00,23.76,23.99,24.27,23.85,23.78,24.13,24.31,24.54,24.31,24.33,24.36,24.29,24.21,24.59,24.62,24.44,24.33,24.54,24.77,24.83,24.57,24.74,24.65,24.96,24.48,24.50,24.13
"Mexico","America","MEX","National","MEXt","Total",20.43,20.36,20.06,20.43,20.89,20.92,20.60,20.42,21.04,20.49,20.65,20.54,20.72,20.79,20.36,20.90,20.82,20.64,20.57,21.07,20.34,21.07,20.96,20.78,20.81,20.99,21.06,21.12,20.89,21.33,21.43,21.06,20.91
"Micronesia (Federated States of)","Asia/Pacific","FSM","National","FSMt","Total",27.01,26.83,26.78,26.70,26.95,27.11,27.07,26.91,27.17,26.83,26.91,27.04,27.03,27.13,27.12,27.14,27.09,27.15,26.85,27.15,27.14,26.99,27.07,27.29,27.31,27.19,27.57,27.50,27.39,27.38,27.48,27.30,27.16
"Moldova","Europe","MDA","National","MDAt","Total",11.05,9.219,9.776,9.079,10.89,9.674,8.767,8.985,9.871,10.76,11.03,10.07,10.58,9.619,10.16,10.17,9.887,11.76,11.12,11.09,10.55,10.27,11.04,11.08,10.80,11.79,11.17,11.02,10.97,11.90,12.22,10.19,11.38
"Monaco","Europe","MCO","National","MCOt","Total",14.65,13.93,14.40,14.07,14.88,14.27,13.81,14.81,14.40,14.49,14.71,14.64,14.63,14.96,14.42,14.10,14.85,14.68,14.45,14.91,13.81,15.05,14.79,14.45,15.33,15.48,15.22,15.22,15.61,15.53,15.46,15.18,16.38
"Mongolia","Asia/Pacific","MNG","National","MNGt","Total",0.621,0.024,0.304,-0.211,0.640,0.866,-0.200,1.267,1.376,0.918,0.241,0.748,1.172,0.045,1.081,0.167,1.002,2.284,1.268,0.605,-0.197,0.137,-0.599,0.741,1.170,1.534,0.634,1.655,0.973,1.357,1.211,1.484,0.791
"Monte Negro","Europe","MNE","National","MNEt","Total",11.01,9.744,10.47,10.61,11.62,10.29,10.32,10.53,10.80,11.32,11.39,11.14,11.42,11.19,10.85,10.14,10.53,11.64,11.55,11.54,11.37,11.53,11.79,11.81,12.01,12.01,11.75,11.57,12.33,12.22,12.07,11.61,12.19
"Morocco","Africa","MAR","National","MARt","Total",18.00,16.96,16.99,16.74,17.97,18.18,17.52,18.14,18.24,17.80,18.13,18.71,18.21,18.31,17.92,18.13,18.27,17.90,17.78,18.41,18.82,18.25,18.19,18.08,18.39,18.48,18.73,19.28,17.60,18.47,19.19,18.76,19.47
"Mozambique","Africa","MOZ","National","MOZt","Total",23.63,23.57,24.28,23.72,23.41,23.81,23.43,23.45,23.91,23.32,23.21,23.72,23.81,23.76,23.63,24.28,23.84,23.85,23.69,23.75,24.21,23.84,23.83,23.64,23.71,24.28,24.48,23.85,24.05,24.36,24.28,23.97,23.99
"Myanmar","Asia/Pacific","MMR","National","MMRt","Total",24.24,24.49,23.86,24.23,24.47,24.67,24.44,24.25,25.25,24.69,24.26,24.51,24.59,24.61,24.47,24.99,24.57,24.40,24.42,24.86,25.27,24.36,24.79,24.77,24.91,24.89,25.09,24.93,24.68,25.15,25.19,25.24,25.04
"Namibia","Africa","NAM","National","NAMt","Total",21.94,21.33,22.18,21.90,21.72,22.30,21.71,21.55,22.74,22.00,21.55,21.48,22.01,22.33,21.96,22.72,20.99,22.37,21.72,21.78,22.07,20.86,21.63,22.62,21.96,23.08,23.30,22.37,22.85,23.89,22.54,21.83,22.14
"Nepal","Asia/Pacific","NPL","National","NPLt","Total",12.91,12.79,12.72,13.11,13.20,13.04,13.06,12.06,13.39,13.62,12.79,13.16,12.95,12.92,13.18,13.19,13.65,13.33,13.23,13.75,13.85,13.00,12.85,13.20,13.02,13.18,14.07,13.74,13.39,13.13,12.99,13.59,13.72
"Netherlands","Europe","NLD","National","NLDt","Total",10.74,9.443,10.43,9.536,10.54,10.32,8.425,10.11,10.23,10.80,10.81,10.30,10.73,10.42,10.36,10.57,11.05,11.13,10.52,10.44,8.985,10.79,10.16,9.687,11.57,10.76,10.66,10.86,11.25,11.17,11.57,10.36,11.53
"New Zealand","Asia/Pacific","NZL","National","NZLt","Total",11.81,10.98,10.38,10.68,11.00,11.33,11.18,10.94,12.18,11.93,11.53,11.62,11.38,11.37,10.90,11.90,11.15,11.55,11.63,11.08,11.80,11.69,11.25,12.07,11.60,11.47,12.22,12.00,12.17,12.16,12.05,12.23,12.53
"Nicaragua","America","NIC","National","NICt","Total",25.53,25.64,25.66,25.34,25.57,25.51,25.11,25.48,25.86,24.80,25.12,25.39,25.78,25.82,25.71,25.84,25.74,25.66,25.44,25.75,25.67,25.49,25.55,25.81,25.97,26.27,26.24,25.83,25.80,26.22,26.09,25.92,25.64
"Niger","Africa","NER","National","NERt","Total",28.08,27.74,27.12,27.89,27.36,27.92,28.09,28.06,28.11,27.72,27.63,27.87,28.12,28.24,28.39,28.57,28.27,28.14,27.68,28.96,29.10,28.65,28.45,28.75,28.60,28.14,28.90,28.30,28.55,28.56,28.54,28.85,28.04
"Nigeria","Africa","NGA","National","NGAt","Total",26.65,26.38,26.05,26.50,26.28,26.48,26.52,26.52,27.18,26.57,26.46,26.51,26.57,26.78,26.85,27.16,27.14,26.75,26.62,27.17,27.48,26.97,26.76,26.94,26.85,27.01,27.22,27.19,26.99,27.07,27.15,27.34,26.89
"North Macedonia","Europe","MKD","National","MKDt","Total",10.99,9.597,10.53,10.73,11.90,10.21,10.36,10.28,10.84,11.10,11.27,11.02,11.11,11.01,10.88,10.30,10.57,11.86,11.85,11.38,11.60,11.08,11.82,11.96,11.97,11.77,11.77,11.66,12.18,12.34,11.86,11.52,11.79
"Norway","Europe","NOR","National","NORt","Total",4.306,3.331,3.614,2.682,2.780,3.030,2.190,3.650,3.041,3.570,4.279,2.857,3.721,3.769,3.862,4.108,4.451,3.905,4.085,3.523,1.429,4.265,2.978,3.443,4.948,4.341,4.046,3.755,4.090,3.924,5.057,3.565,4.280
"Oman","Asia/Pacific","OMN","National","OMNt","Total",28.01,27.54,26.82,27.62,27.91,27.74,27.35,27.80,28.41,28.05,27.73,27.76,27.72,27.95,27.81,27.84,27.81,28.10,27.41,28.21,28.29,27.94,28.04,27.60,27.75,28.37,28.05,28.20,28.28,28.23,27.93,28.22,28.09
"Pakistan","Asia/Pacific","PAK","National","PAKt","Total",20.53,,,,,,,,,,,,,,,,,,,,,,,,,,,,,,,,
"Pakistan","Asia/Pacific","Z06","National","Z06t","Total",1.391,,,,,,,,,,,,,,,,,,,,,,,,,,,,,,,,
"Pakistan","Asia/Pacific","PRK","National","PRKt","Total",7.605,,,,,,,,,,,,,,,,,,,,,,,,,,,,,,,,
"Pakistan","Asia/Pacific","PAK","National","PAKt","Total",,19.82,,,,,,,,,,,,,,,,,,,,,,,,,,,,,,,
"Pakistan","Asia/Pacific","Z06","National","Z06t","Total",,0.108,,,,,,,,,,,,,,,,,,,,,,,,,,,,,,,
"Pakistan","Asia/Pacific","PRK","National","PRKt","Total",,6.894,,,,,,,,,,,,,,,,,,,,,,,,,,,,,,,
"Pakistan","Asia/Pacific","PAK","National","PAKt","Total",,,19.66,,,,,,,,,,,,,,,,,,,,,,,,,,,,,,
"Pakistan","Asia/Pacific","Z06","National","Z06t","Total",,,0.166,,,,,,,,,,,,,,,,,,,,,,,,,,,,,,
"Pakistan","Asia/Pacific","PRK","National","PRKt","Total",,,6.960,,,,,,,,,,,,,,,,,,,,,,,,,,,,,,
"Pakistan","Asia/Pacific","PAK","National","PAKt","Total",,,,20.53,,,,,,,,,,,,,,,,,,,,,,,,,,,,,
"Pakistan","Asia/Pacific","Z06","National","Z06t","Total",,,,0.435,,,,,,,,,,,,,,,,,,,,,,,,,,,,,
"Pakistan","Asia/Pacific","PRK","National","PRKt","Total",,,,6.624,,,,,,,,,,,,,,,,,,,,,,,,,,,,,
"Pakistan","Asia/Pacific","PAK","National","PAKt","Total",,,,,19.95,,,,,,,,,,,,,,,,,,,,,,,,,,,,
"Pakistan","Asia/Pacific","Z06","National","Z06t","Total",,,,,0.525,,,,,,,,,,,,,,,,,,,,,,,,,,,,
"Pakistan","Asia/Pacific","PRK","National","PRKt","Total",,,,,7.568,,,,,,,,,,,,,,,,,,,,,,,,,,,,
"Pakistan","Asia/Pacific","PAK","National","PAKt","Total",,,,,,19.97,,,,,,,,,,,,,,,,,,,,,,,,,,,
"Pakistan","Asia/Pacific","Z06","National","Z06t","Total",,,,,,0.023,,,,,,,,,,,,,,,,,,,,,,,,,,,
"Pakistan","Asia/Pacific","PRK","National","PRKt","Total",,,,,,6.696,,,,,,,,,,,,,,,,,,,,,,,,,,,
"Pakistan","Asia/Pacific","PAK","National","PAKt","Total",,,,,,,20.00,,,,,,,,,,,,,,,,,,,,,,,,,,
"Pakistan","Asia/Pacific","Z06","National","Z06t","Total",,,,,,,0.110,,,,,,,,,,,,,,,,,,,,,,,,,,
"Pakistan","Asia/Pacific","PRK","National","PRKt","Total",,,,,,,6.501,,,,,,,,,,,,,,,,,,,,,,,,,,
"Pakistan","Asia/Pacific","PAK","National","PAKt","Total",,,,,,,,19.41,,,,,,,,,,,,,,,,,,,,,,,,,
"Pakistan","Asia/Pacific","Z06","National","Z06t","Total",,,,,,,,0.302,,,,,,,,,,,,,,,,,,,,,,,,,
"Pakistan","Asia/Pacific","PRK","National","PRKt","Total",,,,,,,,7.011,,,,,,,,,,,,,,,,,,,,,,,,,
"Pakistan","Asia/Pacific","PAK","National","PAKt","Total",,,,,,,,,20.64,,,,,,,,,,,,,,,,,,,,,,,,
"Pakistan","Asia/Pacific","Z06","National","Z06t","Total",,,,,,,,,1.523,,,,,,,,,,,,,,,,,,,,,,,,
"Pakistan","Asia/Pacific","PRK","National","PRKt","Total",,,,,,,,,7.965,,,,,,,,,,,,,,,,,,,,,,,,
"Pakistan","Asia/Pacific","PAK","National","PAKt","Total",,,,,,,,,,20.95,,,,,,,,,,,,,,,,,,,,,,,
"Pakistan","Asia/Pacific","Z06","National","Z06t","Total",,,,,,,,,,1.357,,,,,,,,,,,,,,,,,,,,,,,
"Pakistan","Asia/Pacific","PRK","National","PRKt","Total",,,,,,,,,,7.424,,,,,,,,,,,,,,,,,,,,,,,
"Pakistan","Asia/Pacific","PAK","National","PAKt","Total",,,,,,,,,,,20.93,,,,,,,,,,,,,,,,,,,,,,
"Pakistan","Asia/Pacific","Z06","National","Z06t","Total",,,,,,,,,,,0.900,,,,,,,,,,,,,,,,,,,,,,
"Pakistan","Asia/Pacific","PRK","National","PRKt","Total",,,,,,,,,,,6.763,,,,,,,,,,,,,,,,,,,,,,
"Pakistan","Asia/Pacific","PAK","National","PAKt","Total",,,,,,,,,,,,21.12,,,,,,,,,,,,,,,,,,,,,
"Pakistan","Asia/Pacific","Z06","National","Z06t","Total",,,,,,,,,,,,1.088,,,,,,,,,,,,,,,,,,,,,
"Pakistan","Asia/Pacific","PRK","National","PRKt","Total",,,,,,,,,,,,6.938,,,,,,,,,,,,,,,,,,,,,
"Pakistan","Asia/Pacific","PAK","National","PAKt","Total",,,,,,,,,,,,,21.41,,,,,,,,,,,,,,,,,,,,
"Pakistan","Asia/Pacific","Z06","National","Z06t","Total",,,,,,,,,,,,,1.204,,,,,,,,,,,,,,,,,,,,
"Pakistan","Asia/Pacific","PRK","National","PRKt","Total",,,,,,,,,,,,,7.116,,,,,,,,,,,,,,,,,,,,
"Pakistan","Asia/Pacific","PAK","National","PAKt","Total",,,,,,,,,,,,,,20.73,,,,,,,,,,,,,,,,,,,
"Pakistan","Asia/Pacific","Z06","National","Z06t","Total",,,,,,,,,,,,,,0.623,,,,,,,,,,,,,,,,,,,
"Pakistan","Asia/Pacific","PRK","National","PRKt","Total",,,,,,,,,,,,,,7.345,,,,,,,,,,,,,,,,,,,
"Pakistan","Asia/Pacific","PAK","National","PAKt","Total",,,,,,,,,,,,,,,21.50,,,,,,,,,,,,,,,,,,
"Pakistan","Asia/Pacific","Z06","National","Z06t","Total",,,,,,,,,,,,,,,1.160,,,,,,,,,,,,,,,,,,
"Pakistan","Asia/Pacific","PRK","National","PRKt","Total",,,,,,,,,,,,,,,7.710,,,,,,,,,,,,,,,,,,
"Pakistan","Asia/Pacific","PAK","National","PAKt","Total",,,,,,,,,,,,,,,,20.27,,,,,,,,,,,,,,,,,
"Pakistan","Asia/Pacific","Z06","National","Z06t","Total",,,,,,,,,,,,,,,,0.590,,,,,,,,,,,,,,,,,
"Pakistan","Asia/Pacific","PRK","National","PRKt","Total",,,,,,,,,,,,,,,,6.575,,,,,,,,,,,,,,,,,
"Pakistan","Asia/Pacific","PAK","National","PAKt","Total",,,,,,,,,,,,,,,,,21.43,,,,,,,,,,,,,,,,
"Pakistan","Asia/Pacific","Z06","National","Z06t","Total",,,,,,,,,,,,,,,,,1.977,,,,,,,,,,,,,,,,
"Pakistan","Asia/Pacific","PRK","National","PRKt","Total",,,,,,,,,,,,,,,,,7.498,,,,,,,,,,,,,,,,
"Pakistan","Asia/Pacific","PAK","National","PAKt","Total",,,,,,,,,,,,,,,,,,21.03,,,,,,,,,,,,,,,
"Pakistan","Asia/Pacific","Z06","National","Z06t","Total",,,,,,,,,,,,,,,,,,1.758,,,,,,,,,,,,,,,
"Pakistan","Asia/Pacific","PRK","National","PRKt","Total",,,,,,,,,,,,,,,,,,7.859,,,,,,,,,,,,,,,
"Pakistan","Asia/Pacific","PAK","National","PAKt","Total",,,,,,,,,,,,,,,,,,,20.82,,,,,,,,,,,,,,
"Pakistan","Asia/Pacific","Z06","National","Z06t","Total",,,,,,,,,,,,,,,,,,,1.364,,,,,,,,,,,,,,
"Pakistan","Asia/Pacific","PRK","National","PRKt","Total",,,,,,,,,,,,,,,,,,,7.731,,,,,,,,,,,,,,
"Pakistan","Asia/Pacific","PAK","National","PAKt","Total",,,,,,,,,,,,,,,,,,,,21.06,,,,,,,,,,,,,
"Pakistan","Asia/Pacific","Z06","National","Z06t","Total",,,,,,,,,,,,,,,,,,,,1.005,,,,,,,,,,,,,
"Pakistan","Asia/Pacific","PRK","National","PRKt","Total",,,,,,,,,,,,,,,,,,,,7.274,,,,,,,,,,,,,
"Pakistan","Asia/Pacific","PAK","National","PAKt","Total",,,,,,,,,,,,,,,,,,,,,21.43,,,,,,,,,,,,
"Pakistan","Asia/Pacific","Z06","National","Z06t","Total",,,,,,,,,,,,,,,,,,,,,1.725,,,,,,,,,,,,
"Pakistan","Asia/Pacific","PRK","National","PRKt","Total",,,,,,,,,,,,,,,,,,,,,6.860,,,,,,,,,,,,
"Pakistan","Asia/Pacific","PAK","National","PAKt","Total",,,,,,,,,,,,,,,,,,,,,,21.00,,,,,,,,,,,
"Pakistan","Asia/Pacific","Z06","National","Z06t","Total",,,,,,,,,,,,,,,,,,,,,,1.293,,,,,,,,,,,
"Pakistan","Asia/Pacific","PRK","National","PRKt","Total",,,,,,,,,,,,,,,,,,,,,,6.895,,,,,,,,,,,
"Pakistan","Asia/Pacific","PAK","National","PAKt","Total",,,,,,,,,,,,,,,,,,,,,,,20.46,,,,,,,,,,
"Pakistan","Asia/Pacific","Z06","National","Z06t","Total",,,,,,,,,,,,,,,,,,,,,,,0.479,,,,,,,,,,
"Pakistan","Asia/Pacific","PRK","National","PRKt","Total",,,,,,,,,,,,,,,,,,,,,,,6.567,,,,,,,,,,
"Pakistan","Asia/Pacific","PAK","National","PAKt","Total",,,,,,,,,,,,,,,,,,,,,,,,20.85,,,,,,,,,
"Pakistan","Asia/Pacific","Z06","National","Z06t","Total",,,,,,,,,,,,,,,,,,,,,,,,1.353,,,,,,,,,
"Pakistan","Asia/Pacific","PRK","National","PRKt","Total",,,,,,,,,,,,,,,,,,,,,,,,6.970,,,,,,,,,
"Pakistan","Asia/Pacific","PAK","National","PAKt","Total",,,,,,,,,,,,,,,,,,,,,,,,,20.56,,,,,,,,
"Pakistan","Asia/Pacific","Z06","National","Z06t","Total",,,,,,,,,,,,,,,,,,,,,,,,,0.697,,,,,,,,
"Pakistan","Asia/Pacific","PRK","National","PRKt","Total",,,,,,,,,,,,,,,,,,,,,,,,,7.789,,,,,,,,
"Pakistan","Asia/Pacific","PAK","National","PAKt","Total",,,,,,,,,,,,,,,,,,,,,,,,,,20.72,,,,,,,
"Pakistan","Asia/Pacific","Z06","National","Z06t","Total",,,,,,,,,,,,,,,,,,,,,,,,,,1.109,,,,,,,
"Pakistan","Asia/Pacific","PRK","National","PRKt","Total",,,,,,,,,,,,,,,,,,,,,,,,,,7.930,,,,,,,
"Pakistan","Asia/Pacific","PAK","National","PAKt","Total",,,,,,,,,,,,,,,,,,,,,,,,,,,21.76,,,,,,
"Pakistan","Asia/Pacific","Z06","National","Z06t","Total",,,,,,,,,,,,,,,,,,,,,,,,,,,2.223,,,,,,
"Pakistan","Asia/Pacific","PRK","National","PRKt","Total",,,,,,,,,,,,,,,,,,,,,,,,,,,7.760,,,,,,
"Pakistan","Asia/Pacific","PAK","National","PAKt","Total",,,,,,,,,,,,,,,,,,,,,,,,,,,,21.48,,,,,
"Pakistan","Asia/Pacific","Z06","National","Z06t","Total",,,,,,,,,,,,,,,,,,,,,,,,,,,,2.279,,,,,
"Pakistan","Asia/Pacific","PRK","National","PRKt","Total",,,,,,,,,,,,,,,,,,,,,,,,,,,,7.492,,,,,
"Pakistan","Asia/Pacific","PAK","National","PAKt","Total",,,,,,,,,,,,,,,,,,,,,,,,,,,,,21.53,,,,
"Pakistan","Asia/Pacific","Z06","National","Z06t","Total",,,,,,,,,,,,,,,,,,,,,,,,,,,,,1.128,,,,
"Pakistan","Asia/Pacific","PRK","National","PRKt","Total",,,,,,,,,,,,,,,,,,,,,,,,,,,,,7.404,,,,
"Pakistan","Asia/Pacific","PAK","National","PAKt","Total",,,,,,,,,,,,,,,,,,,,,,,,,,,,,,20.80,,,
"Pakistan","Asia/Pacific","Z06","National","Z06t","Total",,,,,,,,,,,,,,,,,,,,,,,,,,,,,,1.113,,,
"Pakistan","Asia/Pacific","PRK","National","PRKt","Total",,,,,,,,,,,,,,,,,,,,,,,,,,,,,,8.279,,,
"Pakistan","Asia/Pacific","PAK","National","PAKt","Total",,,,,,,,,,,,,,,,,,,,,,,,,,,,,,,20.75,,
"Pakistan","Asia/Pacific","Z06","National","Z06t","Total",,,,,,,,,,,,,,,,,,,,,,,,,,,,,,,1.537,,
"Pakistan","Asia/Pacific","PRK","National","PRKt","Total",,,,,,,,,,,,,,,,,,,,,,,,,,,,,,,8.024,,
"Pakistan","Asia/Pacific","PAK","National","PAKt","Total",,,,,,,,,,,,,,,,,,,,,,,,,,,,,,,,21.55,
"Pakistan","Asia/Pacific","Z06","National","Z06t","Total",,,,,,,,,,,,,,,,,,,,,,,,,,,,,,,,1.505,
"Pakistan","Asia/Pacific","PRK","National","PRKt","Total",,,,,,,,,,,,,,,,,,,,,,,,,,,,,,,,8.147,
"Pakistan","Asia/Pacific","PAK","National","PAKt","Total",,,,,,,,,,,,,,,,,,,,,,,,,,,,,,,,,21.75
"Pakistan","Asia/Pacific","Z06","National","Z06t","Total",,,,,,,,,,,,,,,,,,,,,,,,,,,,,,,,,2.297
"Pakistan","Asia/Pacific","PRK","National","PRKt","Total",,,,,,,,,,,,,,,,,,,,,,,,,,,,,,,,,7.430
"Palestine","Asia/Pacific","PSE","National","PSEt","Total",19.49,19.45,18.45,19.45,20.08,19.62,20.11,19.66,20.68,20.68,20.05,20.65,20.60,20.35,20.24,20.04,19.92,20.33,20.64,20.77,22.07,20.18,20.77,20.62,20.68,20.62,21.12,20.80,21.61,20.83,21.12,21.46,20.75
"Panama","America","PAN","National","PANt","Total",24.60,24.58,24.65,24.58,24.55,24.54,24.32,24.98,25.16,24.09,24.25,24.53,24.95,24.87,25.07,25.12,25.00,24.99,24.69,25.16,25.26,24.86,25.05,25.18,25.34,25.72,25.51,25.28,25.06,25.41,25.32,24.99,24.83
"Papua New Guinea","Asia/Pacific","PNG","National","PNGt","Total",22.17,22.09,21.99,21.95,21.96,22.27,22.34,22.00,22.71,22.31,22.33,22.34,22.34,22.33,22.20,22.38,22.33,22.41,22.24,22.29,22.72,22.28,22.36,22.51,22.44,22.41,22.86,22.63,22.63,22.49,22.86,22.82,23.00
"Paraguay","America","PRY","National","PRYt","Total",21.99,22.64,21.73,22.17,22.98,22.53,21.95,23.00,22.12,22.33,22.29,22.90,23.10,22.67,22.36,22.66,23.19,22.55,22.46,22.56,22.18,22.48,23.28,22.31,23.28,23.38,22.20,23.28,22.60,23.31,23.38,22.76,22.54
"Peru","America","PER","National","PERt","Total",15.40,15.58,15.78,15.55,15.53,15.88,15.34,16.29,16.62,15.34,15.45,15.46,15.81,15.84,15.71,15.89,15.78,15.60,15.63,15.93,16.11,15.60,15.85,15.74,15.97,16.40,16.45,16.03,15.66,16.07,16.34,15.91,15.78
"Philippines","Asia/Pacific","PHL","National","PHLt","Total",25.86,25.77,25.73,25.74,25.75,25.64,25.51,25.54,26.37,25.55,25.66,25.85,25.97,25.89,25.95,26.06,26.17,26.17,25.91,26.02,26.39,25.89,26.11,26.21,26.05,26.26,26.62,26.25,26.36,26.46,26.56,26.36,26.34
"Poland","Europe","POL","National","POLt","Total",9.105,7.779,8.667,7.803,8.916,8.232,6.671,7.946,8.361,9.009,9.612,8.285,9.201,8.363,8.378,8.353,8.750,9.407,9.472,8.624,7.567,8.949,8.570,8.550,9.731,9.864,9.272,9.006,9.905,10.33,10.03,8.664,9.577
"Portugal","Europe","PRT","National","PRTt","Total",16.16,15.91,15.74,15.19,15.91,16.89,15.88,16.62,16.34,15.91,15.97,16.12,16.06,16.30,16.19,16.06,16.42,15.86,15.88,16.39,16.17,16.42,15.94,16.00,16.13,16.40,16.36,16.81,16.03,16.34,16.69,16.38,16.97
"Qatar","Asia/Pacific","QAT","National","QATt","Total",26.82,26.08,25.67,26.57,26.95,26.50,27.16,26.58,27.96,28.00,27.36,27.52,27.53,27.55,27.51,27.22,27.71,27.80,27.54,27.72,28.23,27.46,27.61,26.92,27.35,28.11,27.54,27.99,28.36,28.09,28.02,28.46,28.25
"Romania","Europe","ROU","National","ROUt","Total",10.27,8.845,9.706,9.034,10.89,9.498,8.953,8.931,9.602,10.33,10.75,10.16,10.50,9.608,9.827,9.436,9.821,11.20,10.80,10.81,10.23,9.910,10.69,10.70,10.79,11.19,10.67,10.60,11.04,11.58,11.38,10.34,11.19
"Russian Federation","Europe","RUS","National","RUSt","Total",1.819,1.667,0.811,0.701,0.814,2.716,0.966,0.997,0.761,1.504,1.697,1.554,1.578,1.674,1.726,2.423,1.298,2.788,2.597,1.568,1.914,2.053,2.123,2.357,1.926,2.823,2.590,2.571,2.200,2.808,3.859,2.141,2.845
"Rwanda","Africa","RWA","National","RWAt","Total",19.09,18.82,18.88,19.08,18.82,19.03,18.79,19.14,19.41,18.71,19.04,18.68,19.11,19.32,19.39,19.57,19.21,19.05,18.91,19.30,19.75,18.99,19.15,19.47,19.46,19.79,20.22,19.84,19.52,19.88,20.13,19.90,19.73
"Saint Kitts and Nevis","America","KNA","National","KNAt","Total",25.90,25.82,25.90,25.91,25.75,26.20,25.82,26.13,26.56,26.06,25.88,26.12,26.22,26.30,26.09,26.52,26.31,26.32,25.89,26.09,26.73,26.18,26.25,26.13,26.10,26.31,26.45,26.31,26.04,26.32,26.50,26.28,26.19
"Saint Lucia","America","LCA","National","LCAt","Total",26.27,26.11,26.18,26.31,26.12,26.53,26.28,26.47,26.88,26.51,26.20,26.41,26.54,26.60,26.50,26.85,26.65,26.65,26.40,26.69,27.12,26.59,26.73,26.65,26.55,26.74,26.86,26.75,26.45,26.75,26.86,26.76,26.50
"Saint Vincent and the Grenadines","America","VCT","National","VCTt","Total",26.12,25.96,26.12,26.19,25.98,26.39,26.22,26.32,26.79,26.34,26.07,26.18,26.37,26.43,26.44,26.84,26.56,26.54,26.27,26.48,26.96,26.53,26.53,26.45,26.32,26.48,26.72,26.62,26.31,26.60,26.73,26.55,26.37
"Samoa","Asia/Pacific","WSM","National","WSMt","Total",25.41,25.63,25.45,25.26,25.38,25.42,25.27,25.20,25.31,25.22,25.18,25.33,25.67,25.53,25.68,25.65,25.42,25.56,25.12,25.39,25.67,25.16,25.40,25.58,25.53,25.49,25.92,25.74,25.63,25.94,25.78,25.48,25.31
"San Marino","Europe","SMR","National","SMRt","Total",14.46,13.54,14.39,14.29,15.01,14.06,13.84,14.76,14.80,14.73,15.32,14.92,14.80,14.98,14.42,13.67,14.50,15.10,14.89,14.96,14.10,14.98,14.83,14.52,15.30,15.18,15.00,15.12,15.19,15.24,15.18,14.91,15.66
"Sao Tome & Principe","Africa","STP","National","STPt","Total",25.61,25.72,25.35,25.68,25.58,25.94,25.64,25.60,26.45,25.77,25.62,25.44,25.76,26.01,25.71,25.68,25.80,25.93,25.74,25.84,25.84,25.61,25.72,25.61,25.57,25.54,26.11,25.88,25.92,26.24,26.19,26.27,25.92
"Saudi Arabia","Asia/Pacific","SAU","National","SAUt","Total",25.11,24.98,23.77,24.78,25.15,25.03,25.54,24.90,26.01,25.99,25.59,25.76,25.63,25.91,25.68,25.71,25.80,25.87,25.57,26.05,26.79,25.66,26.08,25.67,26.09,26.53,26.35,26.64,26.65,26.52,26.32,26.90,26.58
"Senegal","Africa","SEN","National","SENt","Total",27.64,27.24,27.24,27.40,27.12,27.47,27.66,27.84,28.12,26.96,27.33,27.73,27.65,27.34,27.43,27.78,27.48,27.56,27.57,27.20,28.14,27.64,27.56,27.64,27.58,27.55,27.91,27.95,27.29,27.57,28.23,28.08,27.64
"Serbia","Europe","SRB","National","SRBt","Total",11.55,10.06,11.43,10.71,12.10,10.88,10.29,10.51,11.13,11.31,12.50,11.37,12.06,11.27,11.06,10.35,11.09,12.25,12.26,11.98,11.53,11.31,12.08,12.10,12.35,12.28,11.86,11.94,12.45,12.75,12.11,11.77,12.44
"Sierra Leone","Africa","SLE","National","SLEt","Total",25.65,25.54,25.26,25.48,25.41,25.73,25.63,25.71,26.15,25.60,25.50,25.60,25.77,25.85,25.77,25.78,25.91,25.86,25.67,25.86,25.93,25.69,25.57,25.83,25.68,25.83,26.17,26.30,26.07,26.41,26.47,26.43,26.26
"Singapore","Asia/Pacific","SGP","National","SGPt","Total",26.92,26.76,26.72,26.70,26.73,26.80,26.71,26.89,27.48,26.76,26.79,26.90,27.04,27.04,27.01,27.22,26.97,26.85,26.73,27.09,27.34,26.88,27.00,27.16,27.16,27.18,27.67,27.31,27.19,27.51,27.39,27.22,27.25
"Slovakia","Europe","SVK","National","SVKt","Total",8.893,7.762,8.959,8.240,9.547,8.681,7.621,8.233,8.839,8.957,9.861,8.691,9.450,9.003,8.598,8.431,8.954,9.933,9.854,9.509,8.545,9.283,9.563,9.359,10.52,10.17,9.601,9.447,10.56,10.54,10.02,9.186,10.25
"Slovenia","Europe","SVN","National","SVNt","Total",9.898,8.849,10.19,9.632,10.93,9.765,8.593,9.667,9.891,9.739,10.78,10.16,10.67,10.22,9.519,9.178,10.02,10.81,10.56,10.54,9.561,10.57,10.62,10.35,11.39,11.00,10.65,10.67,11.23,11.36,10.91,10.31,11.43
"Solomon Islands","Asia/Pacific","SLB","National","SLBt","Total",26.08,25.99,25.73,25.65,25.79,26.10,26.05,25.73,26.10,25.89,25.93,26.02,26.01,26.04,25.93,26.18,26.02,26.27,26.00,26.27,26.45,26.31,26.26,26.36,26.37,26.31,26.63,26.52,26.46,26.50,26.67,26.54,26.66
"Somalia","Africa","SOM","National","SOMt","Total",26.64,26.42,26.39,26.28,26.08,26.43,26.26,26.15,26.79,26.31,26.25,26.45,26.50,26.62,26.43,26.51,26.51,26.83,26.31,26.84,26.85,26.54,26.56,26.42,26.72,26.80,26.96,26.91,26.46,26.99,27.11,26.80,26.91
"South Africa","Africa","ZAF","National","ZAFt","Total",17.35,17.39,18.00,17.81,17.14,17.36,16.73,17.05,17.73,18.04,16.95,17.42,17.63,18.05,17.77,18.08,17.25,17.73,17.70,17.56,18.06,17.26,17.68,17.78,17.80,18.81,18.71,18.07,18.28,18.95,17.96,17.70,17.95
"South Korea","Asia/Pacific","KOR","National","KORt","Total",13.14,12.28,12.54,11.95,13.34,12.17,12.12,12.71,13.56,12.92,12.55,12.80,12.71,12.62,13.36,12.41,13.00,13.32,13.04,13.04,12.68,12.39,12.33,12.90,13.13,13.43,13.67,13.13,13.03,13.52,13.28,13.68,13.25
"South Sudan","Africa","SSD","National","SSDt","Total",27.71,27.00,26.82,27.15,27.06,27.19,26.80,27.13,27.78,27.21,27.31,27.33,27.78,27.84,27.91,28.22,27.69,27.67,27.64,28.35,28.11,27.62,27.65,28.13,27.93,28.47,28.87,28.79,28.47,28.34,28.12,28.65,28.33
"Spain","Europe","ESP","National","ESPt","Total",14.37,13.56,13.56,13.29,14.48,14.80,13.96,14.89,14.34,14.17,14.32,14.40,14.44,14.78,14.18,13.99,14.87,14.01,13.97,14.56,13.89,14.90,14.37,14.11,14.95,14.92,14.78,15.08,14.48,14.73,14.93,14.45,15.56
"Sri Lanka","Asia/Pacific","LKA","National","LKAt","Total",26.61,26.58,26.34,26.41,26.21,26.50,26.34,26.61,27.14,26.16,26.14,26.49,26.57,26.60,26.57,26.80,26.56,26.48,26.41,26.76,26.72,26.49,26.72,26.56,26.61,26.67,27.22,26.75,26.38,26.91,27.00,26.62,26.46
"Sudan","Africa","SDN","National","SDNt","Total",28.39,27.93,27.03,27.86,27.49,27.72,27.53,27.52,28.04,28.12,27.78,28.04,28.31,28.27,28.27,28.45,28.09,27.90,28.27,28.84,28.98,28.06,28.17,28.55,28.36,28.93,29.02,29.06,28.71,28.60,28.37,29.00,28.42
"Suriname","America","SUR","National","SURt","Total",26.01,25.94,26.21,25.97,25.88,26.28,26.02,26.23,26.66,25.92,25.70,25.92,26.07,26.38,26.39,26.54,26.17,26.06,26.01,26.39,26.55,26.28,26.36,26.12,26.33,26.42,26.66,26.52,26.18,26.62,26.62,26.23,26.14
"Svalbard and Jan Mayen","Europe","SJM","National","SJMt","Total",-7.126,-9.032,-8.685,-9.935,-9.457,-9.842,-8.236,-9.508,-9.705,-7.452,-7.595,-8.153,-8.434,-9.549,-7.574,-6.601,-5.534,-6.501,-7.845,-7.253,-7.896,-7.273,-5.376,-7.557,-6.526,-6.126,-3.493,-6.301,-5.225,-7.508,-7.683,-6.482,-6.160
"Sweden","Europe","SWE","National","SWEt","Total",6.441,5.356,5.802,4.839,5.106,5.067,4.185,5.592,4.871,5.642,6.385,5.109,5.746,5.463,5.398,5.717,6.202,6.024,6.228,5.389,3.544,6.227,5.023,5.550,6.739,6.402,5.955,5.762,6.307,6.207,7.335,5.693,6.425
"Switzerland","Europe","CHE","National","CHEt","Total",6.157,5.336,6.094,5.747,7.147,5.917,5.223,6.385,6.036,6.012,6.666,6.197,6.739,6.719,6.037,5.819,6.644,6.808,6.491,6.571,5.524,7.222,6.443,5.988,7.224,7.324,6.836,6.873,7.768,7.240,7.554,6.314,8.009
"Syria","Asia/Pacific","SYR","National","SYRt","Total",17.54,17.40,16.03,17.09,18.19,17.62,18.10,17.18,18.76,18.76,18.18,18.83,18.24,18.16,18.02,17.87,17.92,18.25,18.42,18.32,19.96,17.74,18.72,18.65,19.04,18.87,19.34,19.10,19.66,19.00,19.42,19.65,19.09
"Tajikistan","Asia/Pacific","TJK","National","TJKt","Total",5.313,4.377,4.397,4.107,4.538,4.306,3.728,4.880,5.173,4.697,4.626,5.372,5.278,4.606,5.405,4.709,5.838,5.564,5.220,4.836,5.535,5.300,4.256,5.792,4.845,5.794,6.451,5.973,5.945,5.963,5.284,6.063,6.721
"Tanzania","Africa","TZA","National","TZAt","Total",23.19,23.29,23.16,23.38,23.39,23.44,23.21,23.45,23.61,23.21,23.36,23.24,23.31,23.81,23.54,23.95,23.57,23.65,23.37,23.87,23.93,23.69,23.72,23.75,23.75,24.01,24.02,24.11,23.65,24.13,23.83,23.80,23.77
"Thailand","Asia/Pacific","THA","National","THAt","Total",26.89,26.85,26.56,26.49,26.66,26.70,26.41,26.94,27.57,26.32,26.52,26.81,27.07,26.94,26.90,27.17,27.05,26.92,26.48,26.79,27.42,26.36,27.19,26.90,26.95,27.32,27.48,27.01,26.97,27.57,27.49,26.96,26.89
"Timor Leste","Asia/Pacific","TLS","National","TLSt","Total",24.46,24.15,24.40,24.39,24.17,24.21,24.36,24.04,24.93,24.08,24.16,24.30,24.45,24.56,24.40,24.76,24.13,24.47,24.45,24.60,24.91,24.25,24.30,24.68,24.51,24.48,25.37,24.87,24.88,24.67,25.10,24.97,24.84
"Togo","Africa","TGO","National","TGOt","Total",26.86,26.55,26.44,26.76,26.66,26.82,26.78,26.84,27.37,26.60,26.83,26.91,26.86,26.98,26.86,27.06,27.12,27.05,27.00,27.28,27.60,27.27,27.01,27.18,27.17,27.31,27.60,27.49,27.32,27.64,27.52,27.84,27.12
"Tonga","Asia/Pacific","TON","National","TONt","Total",24.55,24.50,24.34,24.06,24.08,24.58,24.80,24.36,24.68,24.76,24.98,24.76,24.88,24.56,24.82,24.91,24.78,25.04,24.91,24.31,25.13,25.19,24.89,25.28,24.70,24.30,25.08,25.10,25.00,25.00,25.18,25.08,25.52
"Trinidad & Tobago","America","TTO","National","TTOt","Total",26.05,25.85,25.89,26.07,25.87,26.28,26.08,26.09,26.58,26.10,25.90,26.08,26.19,26.35,26.34,26.72,26.43,26.38,26.26,26.48,26.97,26.53,26.44,26.53,26.41,26.56,26.79,26.52,26.25,26.59,26.66,26.34,26.25
"Tunisia","Africa","TUN","National","TUNt","Total",19.24,18.14,18.33,18.85,19.80,19.18,18.90,19.46,19.17,20.04,19.59,20.01,19.66,19.84,19.35,19.21,19.75,19.62,19.66,19.48,19.88,19.40,20.01,19.68,20.16,19.70,20.16,19.51,19.79,19.64,20.03,20.50,20.72
"Turkey","Asia/Pacific","TUR","National","TURt","Total",11.04,10.78,9.527,10.39,11.85,11.10,11.42,10.48,12.01,12.26,11.31,12.49,11.48,11.32,11.36,11.52,11.56,11.88,11.78,11.84,13.37,10.86,11.94,11.86,12.72,12.19,12.35,12.02,13.37,12.74,12.91,12.68,12.31
"Turkmenistan","Asia/Pacific","TKM","National","TKMt","Total",16.02,15.58,14.92,14.73,15.51,16.49,15.30,16.30,16.21,16.50,16.54,16.71,16.43,15.77,16.82,16.80,16.84,16.49,16.15,16.57,17.22,15.97,16.18,17.08,15.93,16.79,17.06,16.62,16.94,17.09,16.13,17.48,17.35
"Turks & Caicos Islands","America","TCA","National","TCAt","Total",25.98,25.90,25.72,25.95,26.06,25.95,25.57,26.18,26.25,25.75,25.70,26.00,26.22,26.26,25.69,25.92,26.05,26.21,25.85,25.83,25.90,25.89,26.03,26.03,26.29,26.46,26.36,26.11,26.12,26.55,26.56,26.28,26.35
"Uganda","Africa","UGA","National","UGAt","Total",22.19,22.13,22.27,22.42,22.33,22.57,22.24,22.68,22.84,22.14,22.37,22.16,22.65,22.75,22.83,23.08,22.64,22.59,22.43,23.03,22.78,22.58,22.69,22.68,23.01,23.24,23.69,23.40,22.94,23.16,22.89,23.23,23.20
"Ukraine","Europe","UKR","National","UKRt","Total",9.396,8.289,8.359,7.482,8.853,8.780,7.684,7.712,8.602,9.674,9.434,9.014,9.472,8.242,8.905,9.057,8.608,10.24,9.726,9.635,9.674,8.979,9.495,9.808,9.611,10.28,9.692,9.921,9.880,10.69,10.81,9.221,9.934
"United Arab Emirates","Asia/Pacific","ARE","National","AREt","Total",27.32,26.72,26.22,27.13,27.41,27.03,27.58,27.03,28.54,28.35,27.86,27.89,27.96,28.20,28.13,28.13,28.24,28.29,27.86,28.28,28.91,28.41,28.58,27.76,27.99,28.89,28.21,28.92,28.93,28.67,28.56,29.07,28.85
"United Kingdom","Europe","GBR","National","GBRt","Total",10.07,8.990,9.331,8.999,9.658,9.949,8.824,10.11,9.877,10.11,9.802,9.503,10.13,10.07,10.05,9.998,10.33,10.17,9.633,9.743,8.605,10.30,9.331,9.297,10.53,9.892,9.949,10.23,10.16,10.07,10.34,9.944,10.75
"United States","America","USA","National","USAt","Total",12.03,11.86,11.12,10.83,11.47,11.40,10.72,10.93,12.24,11.91,11.36,11.79,11.76,11.34,11.54,11.90,12.32,12.03,11.34,11.23,11.84,11.92,12.96,11.30,11.15,12.30,12.77,12.54,12.07,11.84,12.58,12.58,12.05
"Uruguay","America","URY","National","URYt","Total",17.01,17.17,16.76,16.86,17.34,16.79,17.06,17.53,16.70,16.83,17.04,17.80,17.27,16.80,17.37,17.43,17.56,16.88,17.55,17.11,17.19,17.05,17.81,17.06,17.60,17.67,17.04,18.24,17.78,17.51,17.40,17.50,17.01
"Uzbekistan","Asia/Pacific","UZB","National","UZBt","Total",12.58,12.03,11.88,11.15,11.93,12.70,11.55,12.94,12.58,12.98,12.99,13.22,13.00,12.38,13.61,13.15,13.20,13.25,12.73,12.96,13.57,12.69,12.36,13.65,12.21,13.49,13.99,13.17,13.08,13.77,12.76,13.84,13.91
"Vanuatu","Asia/Pacific","VUT","National","VUTt","Total",25.31,24.95,24.97,24.58,24.63,25.36,25.41,24.98,25.68,25.35,25.34,25.43,25.41,25.23,25.18,25.30,25.17,25.68,25.43,25.17,25.67,25.44,25.29,25.46,25.36,25.25,25.79,25.58,25.38,25.44,25.66,25.68,26.09
"Vatican City","Europe","VAT","National","VATt","Total",15.09,14.39,15.12,14.91,15.83,14.86,14.89,15.64,15.43,15.51,15.82,15.73,15.59,16.07,15.43,14.82,15.42,15.82,15.75,15.95,15.59,15.97,16.05,15.69,16.36,16.39,16.30,16.14,16.55,16.47,16.26,16.19,17.20
"Venezuela","America","VEN","National","VENt","Total",24.60,24.55,24.68,24.74,24.71,24.90,24.55,24.75,25.32,24.43,24.34,24.68,24.92,25.17,25.12,25.52,25.36,25.35,25.13,25.59,25.77,25.24,25.31,25.63,25.74,26.11,25.86,25.19,25.27,25.36,25.65,24.86,24.94
"Vietnam","Asia/Pacific","VNM","National","VNMt","Total",24.61,24.65,24.28,24.27,24.48,24.35,24.14,24.56,25.32,24.35,24.39,24.61,24.95,24.97,24.58,24.61,24.81,24.65,24.16,24.71,25.19,24.08,24.86,24.80,24.82,25.37,25.35,25.04,25.10,25.58,25.25,24.93,24.82
"Yemen","Asia/Pacific","YEM","National","YEMt","Total",23.93,23.79,23.12,23.39,23.56,23.57,23.46,23.80,24.06,23.78,23.84,23.81,23.87,23.93,24.07,24.11,24.13,24.07,23.77,24.35,23.93,23.90,24.05,24.00,23.98,24.33,24.31,24.39,24.03,24.36,23.95,24.02,24.12
"Zambia","Africa","ZMB","National","ZMBt","Total",22.03,21.78,22.44,21.83,22.02,22.61,22.22,22.01,22.56,21.80,21.77,21.84,22.19,22.04,21.71,22.67,21.82,21.94,21.66,21.64,22.16,21.85,22.01,22.30,22.39,22.43,22.60,22.04,22.40,22.71,22.29,22.24,22.04
"Zimbabwe","Africa","ZWE","National","ZWEt","Total",20.92,20.91,21.84,20.92,20.71,21.47,20.47,20.44,21.12,20.38,20.11,20.61,21.18,20.97,20.62,21.66,20.74,20.81,20.76,20.49,21.30,20.96,21.22,21.02,20.94,21.61,21.78,20.73,21.37,21.86,21.28,21.09,21.05
